"year","locationdesc","locationabbr","sex","shortquestiontext","questioncode","greater_risk_data_value","greater_risk_low_confidence_limit","greater_risk_high_confidence_limit","sample_size"
"1991","Georgia","GA","Female","Considered suicide","H26","33.082","31.0129","35.2188","1013"
"1991","Georgia","GA","Male","Considered suicide","H26","17.2725","15.1616","19.6094","978"
"1991","Georgia","GA","Total","Considered suicide","H26","25.4014","23.4772","27.4268","1995"
"1991","Idaho","ID","Female","Considered suicide","H26","34.1332","30.9504","37.4658","1922"
"1991","Idaho","ID","Male","Considered suicide","H26","21.0319","19.1465","23.05","2275"
"1991","Idaho","ID","Total","Considered suicide","H26","27.019","24.8496","29.304","4201"
"1991","Nebraska","NE","Female","Considered suicide","H26","35.6979","31.5518","40.0699","1142"
"1991","Nebraska","NE","Male","Considered suicide","H26","20.5786","16.8418","24.8963","1078"
"1991","Nebraska","NE","Total","Considered suicide","H26","28.341","24.8427","32.1213","2224"
"1991","New Mexico","NM","Female","Considered suicide","H26","39.9637","36.2361","43.8111","1358"
"1991","New Mexico","NM","Male","Considered suicide","H26","22.4101","20.1074","24.8943","1392"
"1991","New Mexico","NM","Total","Considered suicide","H26","30.7192","28.5169","33.013","2758"
"1991","South Carolina","SC","Female","Considered suicide","H26","31.2547","28.5041","34.1439","2598"
"1991","South Carolina","SC","Male","Considered suicide","H26","19.6152","17.7468","21.6287","2438"
"1991","South Carolina","SC","Total","Considered suicide","H26","25.6207","23.8268","27.5008","5045"
"1991","South Dakota","SD","Female","Considered suicide","H26","37.0994","31.0557","43.5759","675"
"1991","South Dakota","SD","Male","Considered suicide","H26","23.0376","17.9362","29.0759","667"
"1991","South Dakota","SD","Total","Considered suicide","H26","29.8878","25.7785","34.3489","1344"
"1991","Utah","UT","Female","Considered suicide","H26","31.887","29.0467","34.8685","2176"
"1991","Utah","UT","Male","Considered suicide","H26","18.7257","16.5805","21.0782","2036"
"1991","Utah","UT","Total","Considered suicide","H26","25.5369","23.5227","27.6612","4219"
"1993","Georgia","GA","Female","Considered suicide","H26","30.0926","26.1009","34.4106","800"
"1993","Georgia","GA","Male","Considered suicide","H26","17.5751","13.3152","22.8387","787"
"1993","Georgia","GA","Total","Considered suicide","H26","23.8799","20.643","27.4488","1589"
"1993","Hawaii","HI","Female","Considered suicide","H26","36.4083","31.1736","41.9859","827"
"1993","Hawaii","HI","Male","Considered suicide","H26","19.86","16.2537","24.0368","735"
"1993","Hawaii","HI","Total","Considered suicide","H26","27.7841","24.6528","31.1487","1562"
"1993","Idaho","ID","Female","Considered suicide","H26","34.7882","32.2526","37.4131","1946"
"1993","Idaho","ID","Male","Considered suicide","H26","21.4237","19.5966","23.3716","2002"
"1993","Idaho","ID","Total","Considered suicide","H26","28.4948","26.6676","30.3954","3954"
"1993","Illinois","IL","Female","Considered suicide","H26","30.8188","27.6221","34.2106","2058"
"1993","Illinois","IL","Male","Considered suicide","H26","19.1939","17.3623","21.1691","1962"
"1993","Illinois","IL","Total","Considered suicide","H26","24.9916","23.1342","26.9458","4037"
"1993","Massachusetts","MA","Female","Considered suicide","H26","29.2426","26.8375","31.7697","1522"
"1993","Massachusetts","MA","Male","Considered suicide","H26","19.4624","17.1025","22.0612","1483"
"1993","Massachusetts","MA","Total","Considered suicide","H26","24.2746","22.4499","26.1975","3009"
"1993","Mississippi","MS","Female","Considered suicide","H26","31.9425","28.2747","35.8483","744"
"1993","Mississippi","MS","Male","Considered suicide","H26","17.6288","14.3626","21.4516","643"
"1993","Mississippi","MS","Total","Considered suicide","H26","24.8097","21.9155","27.9493","1390"
"1993","Montana","MT","Female","Considered suicide","H26","32.2325","28.9836","35.6627","1170"
"1993","Montana","MT","Male","Considered suicide","H26","18.7332","16.202","21.5582","1298"
"1993","Montana","MT","Total","Considered suicide","H26","25.147","22.9536","27.4752","2471"
"1993","North Carolina","NC","Female","Considered suicide","H26","30.5069","26.8346","34.4452","1232"
"1993","North Carolina","NC","Male","Considered suicide","H26","17.7478","15.4619","20.2905","1193"
"1993","North Carolina","NC","Total","Considered suicide","H26","24.2457","22.1182","26.5082","2429"
"1993","Nebraska","NE","Female","Considered suicide","H26","30.5219","27.8158","33.3696","1557"
"1993","Nebraska","NE","Male","Considered suicide","H26","18.1777","15.5392","21.152","1611"
"1993","Nebraska","NE","Total","Considered suicide","H26","24.2263","21.8285","26.7971","3170"
"1993","New Hampshire","NH","Female","Considered suicide","H26","34.0026","31.1124","37.017","1389"
"1993","New Hampshire","NH","Male","Considered suicide","H26","18.4978","16.5667","20.5984","1284"
"1993","New Hampshire","NH","Total","Considered suicide","H26","26.1497","24.3074","28.0797","2678"
"1993","Nevada","NV","Female","Considered suicide","H26","34.8996","31.1282","38.8701","1024"
"1993","Nevada","NV","Male","Considered suicide","H26","18.8253","16.1562","21.8205","993"
"1993","Nevada","NV","Total","Considered suicide","H26","26.8206","24.189","29.6267","2024"
"1993","Ohio","OH","Female","Considered suicide","H26","35.6334","32.6302","38.754","1207"
"1993","Ohio","OH","Male","Considered suicide","H26","20.922","18.1478","23.9959","1099"
"1993","Ohio","OH","Total","Considered suicide","H26","28.1409","26.1339","30.239","2307"
"1993","South Carolina","SC","Female","Considered suicide","H26","27.6664","25.3112","30.1524","2149"
"1993","South Carolina","SC","Male","Considered suicide","H26","16.8239","15.0906","18.7124","2071"
"1993","South Carolina","SC","Total","Considered suicide","H26","22.239","20.7092","23.8479","4231"
"1993","South Dakota","SD","Female","Considered suicide","H26","35.6594","30.4853","41.1913","665"
"1993","South Dakota","SD","Male","Considered suicide","H26","23.0044","19.5265","26.8947","669"
"1993","South Dakota","SD","Total","Considered suicide","H26","29.307","25.6873","33.2089","1339"
"1993","Tennessee","TN","Female","Considered suicide","H26","32.4222","29.6274","35.3482","1652"
"1993","Tennessee","TN","Male","Considered suicide","H26","16.913","14.782","19.2817","1568"
"1993","Tennessee","TN","Total","Considered suicide","H26","24.4655","22.5183","26.5234","3225"
"1993","Utah","UT","Female","Considered suicide","H26","30.7107","28.6274","32.8757","2107"
"1993","Utah","UT","Male","Considered suicide","H26","18.1584","16.3906","20.071","2164"
"1993","Utah","UT","Total","Considered suicide","H26","24.3672","22.7008","26.1146","4294"
"1993","Vermont","VT","Female","Considered suicide","H26","29.7268","27.6114","31.9328","3280"
"1993","Vermont","VT","Male","Considered suicide","H26","16.6615","14.8148","18.6879","3365"
"1993","Vermont","VT","Total","Considered suicide","H26","22.986","21.2563","24.8121","6659"
"1993","Wisconsin","WI","Female","Considered suicide","H26","35.1268","32.0245","38.36","1589"
"1993","Wisconsin","WI","Male","Considered suicide","H26","20.1378","17.991","22.4706","1691"
"1993","Wisconsin","WI","Total","Considered suicide","H26","27.4481","25.339","29.6629","3283"
"1993","West Virginia","WV","Female","Considered suicide","H26","34.1864","30.9032","37.6285","1419"
"1993","West Virginia","WV","Male","Considered suicide","H26","19.1711","16.8853","21.6856","1390"
"1993","West Virginia","WV","Total","Considered suicide","H26","26.5832","24.3624","28.929","2810"
"1995","Alaska","AK","Female","Considered suicide","H26","32.2751","28.503","36.2931","804"
"1995","Alaska","AK","Male","Considered suicide","H26","16.1771","13.7043","18.9979","819"
"1995","Alaska","AK","Total","Considered suicide","H26","23.9074","21.541","26.4461","1629"
"1995","Alabama","AL","Female","Considered suicide","H26","25.1768","23.225","27.2343","2042"
"1995","Alabama","AL","Male","Considered suicide","H26","16.0011","13.5554","18.7922","1819"
"1995","Alabama","AL","Total","Considered suicide","H26","20.777","19.2136","22.4322","3869"
"1995","Arkansas","AR","Female","Considered suicide","H26","30.3938","26.8094","34.2332","1176"
"1995","Arkansas","AR","Male","Considered suicide","H26","17.7858","14.9798","20.9877","1085"
"1995","Arkansas","AR","Total","Considered suicide","H26","23.9859","21.2528","26.9502","2264"
"1995","Hawaii","HI","Female","Considered suicide","H26","32.0242","29.2339","34.9494","663"
"1995","Hawaii","HI","Male","Considered suicide","H26","18.7896","14.8669","23.4621","576"
"1995","Hawaii","HI","Total","Considered suicide","H26","25.5446","23.293","27.9345","1241"
"1995","Illinois","IL","Female","Considered suicide","H26","29.4059","25.5802","33.5459","1786"
"1995","Illinois","IL","Male","Considered suicide","H26","18.3238","15.2593","21.8452","1302"
"1995","Illinois","IL","Total","Considered suicide","H26","23.9477","21.5196","26.5572","3091"
"1995","Massachusetts","MA","Female","Considered suicide","H26","31.9002","29.4956","34.4051","2047"
"1995","Massachusetts","MA","Male","Considered suicide","H26","19.8324","18.1307","21.6516","2085"
"1995","Massachusetts","MA","Total","Considered suicide","H26","25.7919","24.3758","27.2606","4141"
"1995","Maine","ME","Female","Considered suicide","H26","30.3567","24.5391","36.8794","700"
"1995","Maine","ME","Male","Considered suicide","H26","20.0203","17.0067","23.4173","681"
"1995","Maine","ME","Total","Considered suicide","H26","25.1042","21.6839","28.8652","1383"
"1995","Missouri","MO","Female","Considered suicide","H26","29.357","26.6976","32.1652","2437"
"1995","Missouri","MO","Male","Considered suicide","H26","19.6959","18.366","21.0973","2444"
"1995","Missouri","MO","Total","Considered suicide","H26","24.488","22.8732","26.1781","4895"
"1995","Mississippi","MS","Female","Considered suicide","H26","30.3261","27.1101","33.7469","669"
"1995","Mississippi","MS","Male","Considered suicide","H26","18.069","15.9787","20.3664","598"
"1995","Mississippi","MS","Total","Considered suicide","H26","24.2031","22.263","26.2551","1271"
"1995","Montana","MT","Female","Considered suicide","H26","26.4554","22.878","30.3719","1210"
"1995","Montana","MT","Male","Considered suicide","H26","17.4899","15.2587","19.9704","1303"
"1995","Montana","MT","Total","Considered suicide","H26","21.8365","19.5838","24.2701","2520"
"1995","North Carolina","NC","Female","Considered suicide","H26","24.2018","20.6891","28.0997","961"
"1995","North Carolina","NC","Male","Considered suicide","H26","15.2744","12.9195","17.97","805"
"1995","North Carolina","NC","Total","Considered suicide","H26","19.7611","17.3401","22.4283","1769"
"1995","North Dakota","ND","Female","Considered suicide","H26","30.3045","27.0562","33.7623","756"
"1995","North Dakota","ND","Male","Considered suicide","H26","20.2947","17.3767","23.5629","751"
"1995","North Dakota","ND","Total","Considered suicide","H26","25.3976","22.8944","28.0748","1509"
"1995","New Hampshire","NH","Female","Considered suicide","H26","31.0458","27.9841","34.2829","1087"
"1995","New Hampshire","NH","Male","Considered suicide","H26","21.1398","18.3636","24.2111","998"
"1995","New Hampshire","NH","Total","Considered suicide","H26","26.025","24.1533","27.9881","2088"
"1995","Nevada","NV","Female","Considered suicide","H26","30.7075","27.0836","34.5864","795"
"1995","Nevada","NV","Male","Considered suicide","H26","15.6046","12.7724","18.9285","732"
"1995","Nevada","NV","Total","Considered suicide","H26","22.9115","20.156","25.9215","1535"
"1995","South Carolina","SC","Female","Considered suicide","H26","27.611","25.4774","29.8517","2795"
"1995","South Carolina","SC","Male","Considered suicide","H26","20.4348","18.5905","22.4117","2676"
"1995","South Carolina","SC","Total","Considered suicide","H26","24.008","22.3676","25.7288","5486"
"1995","South Dakota","SD","Female","Considered suicide","H26","30.7454","24.8043","37.4016","620"
"1995","South Dakota","SD","Male","Considered suicide","H26","20.6766","16.8151","25.1567","559"
"1995","South Dakota","SD","Total","Considered suicide","H26","25.656","21.9008","29.8092","1179"
"1995","Utah","UT","Female","Considered suicide","H26","29.3606","25.4651","33.5835","1587"
"1995","Utah","UT","Male","Considered suicide","H26","16.6508","14.4425","19.1213","1678"
"1995","Utah","UT","Total","Considered suicide","H26","22.9721","20.3533","25.8187","3274"
"1995","Vermont","VT","Female","Considered suicide","H26","33.07","30.8157","35.4048","2983"
"1995","Vermont","VT","Male","Considered suicide","H26","23.1994","21.1558","25.3769","2953"
"1995","Vermont","VT","Total","Considered suicide","H26","28.0647","26.243","29.9615","5952"
"1995","West Virginia","WV","Female","Considered suicide","H26","30.4139","26.9821","34.0784","1095"
"1995","West Virginia","WV","Male","Considered suicide","H26","20.9278","16.9435","25.5606","982"
"1995","West Virginia","WV","Total","Considered suicide","H26","25.5852","22.5277","28.9029","2078"
"1995","Wyoming","WY","Female","Considered suicide","H26","29.9502","26.4489","33.7026","816"
"1995","Wyoming","WY","Male","Considered suicide","H26","17.5212","15.1165","20.2174","865"
"1995","Wyoming","WY","Total","Considered suicide","H26","23.6119","21.1519","26.2627","1684"
"1997","Alabama","AL","Female","Considered suicide","H26","23.5953","21.6016","25.7126","1900"
"1997","Alabama","AL","Male","Considered suicide","H26","14.3202","12.7771","16.0154","1839"
"1997","Alabama","AL","Total","Considered suicide","H26","19.0313","17.9456","20.1667","3754"
"1997","Arkansas","AR","Female","Considered suicide","H26","27.3407","25.0052","29.8077","1060"
"1997","Arkansas","AR","Male","Considered suicide","H26","17.3628","14.5824","20.546","927"
"1997","Arkansas","AR","Total","Considered suicide","H26","22.2469","20.3678","24.2467","1990"
"1997","Connecticut","CT","Female","Considered suicide","H26","27.4984","24.5918","30.609","897"
"1997","Connecticut","CT","Male","Considered suicide","H26","15.749","13.8333","17.8749","781"
"1997","Connecticut","CT","Total","Considered suicide","H26","21.5771","19.822","23.4421","1684"
"1997","Hawaii","HI","Female","Considered suicide","H26","35.3642","31.3641","39.5803","748"
"1997","Hawaii","HI","Male","Considered suicide","H26","19.4028","15.6445","23.809","653"
"1997","Hawaii","HI","Total","Considered suicide","H26","26.9183","24.6179","29.3499","1408"
"1997","Iowa","IA","Female","Considered suicide","H26","30.4708","26.519","34.7333","756"
"1997","Iowa","IA","Male","Considered suicide","H26","15.6311","13.1704","18.4537","761"
"1997","Iowa","IA","Total","Considered suicide","H26","22.9501","20.1237","26.0441","1518"
"1997","Kentucky","KY","Female","Considered suicide","H26","26.0591","22.8252","29.5756","775"
"1997","Kentucky","KY","Male","Considered suicide","H26","18.4059","15.3037","21.9737","682"
"1997","Kentucky","KY","Total","Considered suicide","H26","22.3709","20.2412","24.6554","1460"
"1997","Louisiana","LA","Female","Considered suicide","H26","26.0227","23.5317","28.6784","2943"
"1997","Louisiana","LA","Male","Considered suicide","H26","17.4798","15.7628","19.3409","2572"
"1997","Louisiana","LA","Total","Considered suicide","H26","21.7484","20.0656","23.5309","5525"
"1997","Massachusetts","MA","Female","Considered suicide","H26","29.8788","27.446","32.4308","1944"
"1997","Massachusetts","MA","Male","Considered suicide","H26","17.2663","15.298","19.4298","1982"
"1997","Massachusetts","MA","Total","Considered suicide","H26","23.5253","21.9274","25.2019","3935"
"1997","Maine","ME","Female","Considered suicide","H26","28.1932","23.6174","33.2695","943"
"1997","Maine","ME","Male","Considered suicide","H26","21.0167","16.7126","26.0822","855"
"1997","Maine","ME","Total","Considered suicide","H26","24.4581","20.8554","28.4593","1802"
"1997","Michigan","MI","Female","Considered suicide","H26","28.0438","25.1465","31.1362","2057"
"1997","Michigan","MI","Male","Considered suicide","H26","19.4245","16.3459","22.924","1822"
"1997","Michigan","MI","Total","Considered suicide","H26","23.7664","21.1979","26.5414","3892"
"1997","Missouri","MO","Female","Considered suicide","H26","27.0534","22.3817","32.2944","769"
"1997","Missouri","MO","Male","Considered suicide","H26","17.4701","14.0416","21.5262","707"
"1997","Missouri","MO","Total","Considered suicide","H26","22.1929","19.078","25.6552","1479"
"1997","Mississippi","MS","Female","Considered suicide","H26","22.4693","17.5191","28.3376","835"
"1997","Mississippi","MS","Male","Considered suicide","H26","16.4898","14.0092","19.3109","688"
"1997","Mississippi","MS","Total","Considered suicide","H26","19.4933","16.3507","23.0732","1526"
"1997","Montana","MT","Female","Considered suicide","H26","30.896","27.7238","34.2591","1177"
"1997","Montana","MT","Male","Considered suicide","H26","17.3291","14.9125","20.045","1263"
"1997","Montana","MT","Total","Considered suicide","H26","23.9055","22.0332","25.884","2446"
"1997","Nevada","NV","Female","Considered suicide","H26","29.528","26.1154","33.1863","738"
"1997","Nevada","NV","Male","Considered suicide","H26","15.3541","12.6725","18.483","722"
"1997","Nevada","NV","Total","Considered suicide","H26","22.2154","20.1311","24.4494","1463"
"1997","New York","NY","Female","Considered suicide","H26","25.2554","22.9859","27.6686","1808"
"1997","New York","NY","Male","Considered suicide","H26","14.3029","12.5314","16.2781","1915"
"1997","New York","NY","Total","Considered suicide","H26","19.8029","18.2502","21.4531","3731"
"1997","Ohio","OH","Female","Considered suicide","H26","30.7881","27.2303","34.5897","999"
"1997","Ohio","OH","Male","Considered suicide","H26","15.1907","12.1968","18.7626","1180"
"1997","Ohio","OH","Total","Considered suicide","H26","23.0485","20.1143","26.2699","2186"
"1997","Rhode Island","RI","Female","Considered suicide","H26","29.8853","24.4454","35.9596","801"
"1997","Rhode Island","RI","Male","Considered suicide","H26","17.1988","14.0782","20.8432","714"
"1997","Rhode Island","RI","Total","Considered suicide","H26","23.5714","20.2568","27.2431","1521"
"1997","South Carolina","SC","Female","Considered suicide","H26","26.635","24.7952","28.5595","2851"
"1997","South Carolina","SC","Male","Considered suicide","H26","16.0602","14.5687","17.6727","2596"
"1997","South Carolina","SC","Total","Considered suicide","H26","21.3175","19.8985","22.8089","5453"
"1997","South Dakota","SD","Female","Considered suicide","H26","31.6907","27.6977","35.9728","788"
"1997","South Dakota","SD","Male","Considered suicide","H26","21.966","17.9989","26.5247","812"
"1997","South Dakota","SD","Total","Considered suicide","H26","26.7442","23.0671","30.773","1601"
"1997","Utah","UT","Female","Considered suicide","H26","29.2855","26.2761","32.4876","643"
"1997","Utah","UT","Male","Considered suicide","H26","16.4331","13.9884","19.2096","734"
"1997","Utah","UT","Total","Considered suicide","H26","22.8003","20.5964","25.1652","1382"
"1997","Vermont","VT","Female","Considered suicide","H26","28.7506","26.4695","31.1451","3502"
"1997","Vermont","VT","Male","Considered suicide","H26","18.3405","16.407","20.446","3380"
"1997","Vermont","VT","Total","Considered suicide","H26","23.4659","21.5728","25.4711","6900"
"1997","Wisconsin","WI","Female","Considered suicide","H26","28.1651","23.2485","33.6654","719"
"1997","Wisconsin","WI","Male","Considered suicide","H26","20.1613","16.5926","24.2742","599"
"1997","Wisconsin","WI","Total","Considered suicide","H26","24.1287","20.9801","27.5847","1320"
"1997","West Virginia","WV","Female","Considered suicide","H26","28.45","25.5706","31.5163","905"
"1997","West Virginia","WV","Male","Considered suicide","H26","17.72","14.8224","21.0441","910"
"1997","West Virginia","WV","Total","Considered suicide","H26","23.2173","21.1658","25.4036","1815"
"1997","Wyoming","WY","Female","Considered suicide","H26","28.3531","25.311","31.6061","1000"
"1997","Wyoming","WY","Male","Considered suicide","H26","16.2729","13.6385","19.3024","1054"
"1997","Wyoming","WY","Total","Considered suicide","H26","22.3949","20.0901","24.8818","2061"
"1999","Alabama","AL","Female","Sad or hopeless","H25","34.5196","30.4057","38.8792","1069"
"1999","Alabama","AL","Female","Considered suicide","H26","21.2512","18.9124","23.7944","1042"
"1999","Alabama","AL","Male","Sad or hopeless","H25","19.6392","15.3306","24.804","1015"
"1999","Alabama","AL","Male","Considered suicide","H26","12.6318","10.5128","15.1059","990"
"1999","Alabama","AL","Total","Sad or hopeless","H25","26.964","23.4366","30.8087","2087"
"1999","Alabama","AL","Total","Considered suicide","H26","16.8607","15.3828","18.4497","2035"
"1999","Arkansas","AR","Female","Sad or hopeless","H25","36.6282","32.3428","41.1361","713"
"1999","Arkansas","AR","Female","Considered suicide","H26","23.874","19.7166","28.5958","713"
"1999","Arkansas","AR","Male","Sad or hopeless","H25","19.1801","15.6904","23.2322","731"
"1999","Arkansas","AR","Male","Considered suicide","H26","12.1317","9.9317","14.7394","733"
"1999","Arkansas","AR","Total","Sad or hopeless","H25","27.6819","24.9599","30.5798","1449"
"1999","Arkansas","AR","Total","Considered suicide","H26","17.8511","15.4919","20.4825","1451"
"1999","Delaware","DE","Female","Sad or hopeless","H25","33.348","29.8118","37.0821","1131"
"1999","Delaware","DE","Female","Considered suicide","H26","22.3896","19.7308","25.2937","1122"
"1999","Delaware","DE","Male","Sad or hopeless","H25","21.1013","18.3481","24.1454","1028"
"1999","Delaware","DE","Male","Considered suicide","H26","12.3152","10.1454","14.8724","1023"
"1999","Delaware","DE","Total","Sad or hopeless","H25","26.9468","24.625","29.4022","2173"
"1999","Delaware","DE","Total","Considered suicide","H26","17.2214","15.4529","19.1465","2159"
"1999","Hawaii","HI","Female","Sad or hopeless","H25","38.4157","33.4387","43.6477","682"
"1999","Hawaii","HI","Female","Considered suicide","H26","30.3223","26.1491","34.8473","675"
"1999","Hawaii","HI","Male","Sad or hopeless","H25","24.1814","20.8904","27.8087","558"
"1999","Hawaii","HI","Male","Considered suicide","H26","15.0327","11.978","18.7007","552"
"1999","Hawaii","HI","Total","Sad or hopeless","H25","31.8189","28.1996","35.672","1246"
"1999","Hawaii","HI","Total","Considered suicide","H26","23.3348","21.0139","25.8282","1233"
"1999","Massachusetts","MA","Female","Sad or hopeless","H25","35.8678","32.8165","39.0379","2130"
"1999","Massachusetts","MA","Female","Considered suicide","H26","25.1403","22.979","27.4324","2082"
"1999","Massachusetts","MA","Male","Sad or hopeless","H25","25.066","23.0827","27.1595","2133"
"1999","Massachusetts","MA","Male","Considered suicide","H26","17.0598","15.149","19.1572","2036"
"1999","Massachusetts","MA","Total","Sad or hopeless","H25","30.4136","28.0689","32.8647","4283"
"1999","Massachusetts","MA","Total","Considered suicide","H26","21.1683","19.3255","23.1363","4139"
"1999","Michigan","MI","Female","Sad or hopeless","H25","34.3331","30.6056","38.2642","1372"
"1999","Michigan","MI","Female","Considered suicide","H26","23.8835","21.0219","27.0013","1312"
"1999","Michigan","MI","Male","Sad or hopeless","H25","20.5096","17.6187","23.7382","1294"
"1999","Michigan","MI","Male","Considered suicide","H26","16.3228","13.7136","19.3173","1188"
"1999","Michigan","MI","Total","Sad or hopeless","H25","27.3764","25.0953","29.7824","2676"
"1999","Michigan","MI","Total","Considered suicide","H26","20.1155","18.1372","22.251","2509"
"1999","Missouri","MO","Female","Sad or hopeless","H25","29.7734","26.7368","32.9995","871"
"1999","Missouri","MO","Female","Considered suicide","H26","19.2719","17.1014","21.6458","866"
"1999","Missouri","MO","Male","Sad or hopeless","H25","19.0138","15.3043","23.3743","768"
"1999","Missouri","MO","Male","Considered suicide","H26","12.2208","10.0592","14.7705","762"
"1999","Missouri","MO","Total","Sad or hopeless","H25","24.2228","22.0075","26.5851","1649"
"1999","Missouri","MO","Total","Considered suicide","H26","15.6154","13.8634","17.5438","1637"
"1999","Mississippi","MS","Female","Sad or hopeless","H25","38.3878","34.6804","42.2352","830"
"1999","Mississippi","MS","Female","Considered suicide","H26","18.1341","15.9066","20.5971","823"
"1999","Mississippi","MS","Male","Sad or hopeless","H25","19.8393","16.6154","23.5122","725"
"1999","Mississippi","MS","Male","Considered suicide","H26","11.6316","9.1901","14.6173","721"
"1999","Mississippi","MS","Total","Sad or hopeless","H25","29.2716","26.4456","32.267","1562"
"1999","Mississippi","MS","Total","Considered suicide","H26","14.8701","12.8297","17.1711","1550"
"1999","Montana","MT","Female","Sad or hopeless","H25","30.9298","28.4814","33.4901","1363"
"1999","Montana","MT","Female","Considered suicide","H26","23.2175","20.6337","26.0187","1317"
"1999","Montana","MT","Male","Sad or hopeless","H25","20.8978","19.2747","22.6194","1508"
"1999","Montana","MT","Male","Considered suicide","H26","13.7602","12.0631","15.6535","1414"
"1999","Montana","MT","Total","Sad or hopeless","H25","25.9286","24.4369","27.4783","2908"
"1999","Montana","MT","Total","Considered suicide","H26","18.6002","16.9085","20.4194","2768"
"1999","North Dakota","ND","Female","Sad or hopeless","H25","32.741","29.564","36.0844","964"
"1999","North Dakota","ND","Female","Considered suicide","H26","24.3026","21.046","27.8851","914"
"1999","North Dakota","ND","Male","Sad or hopeless","H25","17.6074","14.894","20.6948","852"
"1999","North Dakota","ND","Male","Considered suicide","H26","13.3774","11.0512","16.1046","788"
"1999","North Dakota","ND","Total","Sad or hopeless","H25","25.0148","22.5082","27.7008","1816"
"1999","North Dakota","ND","Total","Considered suicide","H26","18.7891","16.6628","21.1179","1702"
"1999","Nevada","NV","Female","Sad or hopeless","H25","35.9434","31.6228","40.5046","882"
"1999","Nevada","NV","Female","Considered suicide","H26","26.0467","22.879","29.4852","879"
"1999","Nevada","NV","Male","Sad or hopeless","H25","19.8846","16.9165","23.2278","785"
"1999","Nevada","NV","Male","Considered suicide","H26","13.0345","10.5072","16.0605","782"
"1999","Nevada","NV","Total","Sad or hopeless","H25","27.8276","24.7659","31.1113","1676"
"1999","Nevada","NV","Total","Considered suicide","H26","19.5325","17.3207","21.9517","1669"
"1999","New York","NY","Female","Sad or hopeless","H25","36.198","33.2451","39.2589","1655"
"1999","New York","NY","Female","Considered suicide","H26","22.5367","20.0323","25.2552","1644"
"1999","New York","NY","Male","Sad or hopeless","H25","24.0396","21.4673","26.8149","1640"
"1999","New York","NY","Male","Considered suicide","H26","13.1567","10.9404","15.7426","1626"
"1999","New York","NY","Total","Sad or hopeless","H25","30.1786","28.185","32.2499","3305"
"1999","New York","NY","Total","Considered suicide","H26","17.9049","16.0453","19.9289","3280"
"1999","Ohio","OH","Female","Sad or hopeless","H25","34.7545","30.8787","38.8433","1017"
"1999","Ohio","OH","Female","Considered suicide","H26","24.9018","22.1235","27.904","1008"
"1999","Ohio","OH","Male","Sad or hopeless","H25","22.901","19.7378","26.4044","1003"
"1999","Ohio","OH","Male","Considered suicide","H26","15.6913","12.6107","19.3576","966"
"1999","Ohio","OH","Total","Sad or hopeless","H25","28.7137","25.8885","31.7153","2023"
"1999","Ohio","OH","Total","Considered suicide","H26","20.2959","18.2013","22.565","1977"
"1999","South Carolina","SC","Female","Sad or hopeless","H25","33.0963","30.7716","35.5065","2411"
"1999","South Carolina","SC","Female","Considered suicide","H26","20.1707","18.1247","22.3846","2286"
"1999","South Carolina","SC","Male","Sad or hopeless","H25","19.94","18.5497","21.4071","2110"
"1999","South Carolina","SC","Male","Considered suicide","H26","13.9811","12.6274","15.4542","1928"
"1999","South Carolina","SC","Total","Sad or hopeless","H25","26.5744","25.0326","28.1756","4528"
"1999","South Carolina","SC","Total","Considered suicide","H26","17.1442","15.7582","18.625","4221"
"1999","South Dakota","SD","Female","Sad or hopeless","H25","28.1596","23.7547","33.0275","850"
"1999","South Dakota","SD","Female","Considered suicide","H26","28.2352","25.2866","31.3832","824"
"1999","South Dakota","SD","Male","Sad or hopeless","H25","17.9205","15.3677","20.7932","804"
"1999","South Dakota","SD","Male","Considered suicide","H26","16.185","13.4643","19.3326","774"
"1999","South Dakota","SD","Total","Sad or hopeless","H25","22.9375","20.1481","25.9874","1658"
"1999","South Dakota","SD","Total","Considered suicide","H26","22.0948","19.7753","24.6029","1601"
"1999","Utah","UT","Female","Sad or hopeless","H25","34.1532","29.6923","38.9133","728"
"1999","Utah","UT","Female","Considered suicide","H26","25.0807","20.6816","30.061","701"
"1999","Utah","UT","Male","Sad or hopeless","H25","17.7176","14.0032","22.1634","750"
"1999","Utah","UT","Male","Considered suicide","H26","14.552","12.0575","17.4601","710"
"1999","Utah","UT","Total","Sad or hopeless","H25","25.8671","23.2876","28.6257","1483"
"1999","Utah","UT","Total","Considered suicide","H26","19.9949","17.2864","23.0097","1416"
"1999","Wisconsin","WI","Female","Sad or hopeless","H25","33.7297","29.7566","37.9467","648"
"1999","Wisconsin","WI","Female","Considered suicide","H26","28.6685","24.0546","33.7739","635"
"1999","Wisconsin","WI","Male","Sad or hopeless","H25","21.7966","17.9095","26.2576","676"
"1999","Wisconsin","WI","Male","Considered suicide","H26","15.994","13.7154","18.5697","654"
"1999","Wisconsin","WI","Total","Sad or hopeless","H25","27.662","24.2818","31.3182","1329"
"1999","Wisconsin","WI","Total","Considered suicide","H26","22.3646","19.4527","25.574","1294"
"1999","West Virginia","WV","Female","Sad or hopeless","H25","36.3904","33.013","39.9075","640"
"1999","West Virginia","WV","Female","Considered suicide","H26","23.2116","19.2161","27.7524","635"
"1999","West Virginia","WV","Male","Sad or hopeless","H25","23.0863","20.079","26.3952","675"
"1999","West Virginia","WV","Male","Considered suicide","H26","15.1013","12.5093","18.1191","671"
"1999","West Virginia","WV","Total","Sad or hopeless","H25","29.5834","27.2583","32.0195","1321"
"1999","West Virginia","WV","Total","Considered suicide","H26","19.0265","16.0735","22.3774","1312"
"1999","Wyoming","WY","Female","Sad or hopeless","H25","31.0224","27.6111","34.6533","837"
"1999","Wyoming","WY","Female","Considered suicide","H26","20.4801","17.3888","23.9614","830"
"1999","Wyoming","WY","Male","Sad or hopeless","H25","15.4922","12.8142","18.6104","772"
"1999","Wyoming","WY","Male","Considered suicide","H26","13.2787","11.1981","15.6777","763"
"1999","Wyoming","WY","Total","Sad or hopeless","H25","22.9351","20.5819","25.4711","1616"
"1999","Wyoming","WY","Total","Considered suicide","H26","16.6888","14.8675","18.6844","1600"
"2001","Alabama","AL","Female","Sad or hopeless","H25","33.5568","28.7473","38.7336","857"
"2001","Alabama","AL","Female","Considered suicide","H26","17.6207","15.1346","20.417","858"
"2001","Alabama","AL","Male","Sad or hopeless","H25","21.7654","17.5243","26.7007","705"
"2001","Alabama","AL","Male","Considered suicide","H26","13.1627","10.5582","16.2927","707"
"2001","Alabama","AL","Total","Sad or hopeless","H25","27.6359","23.9718","31.627","1569"
"2001","Alabama","AL","Total","Considered suicide","H26","15.567","13.6302","17.7224","1572"
"2001","Arkansas","AR","Female","Sad or hopeless","H25","37.4096","33.8163","41.1472","917"
"2001","Arkansas","AR","Female","Considered suicide","H26","23.8657","20.7898","27.2401","913"
"2001","Arkansas","AR","Male","Sad or hopeless","H25","22.3022","19.0487","25.9334","772"
"2001","Arkansas","AR","Male","Considered suicide","H26","15.4107","13.1573","17.9702","769"
"2001","Arkansas","AR","Total","Sad or hopeless","H25","29.7133","27.2617","32.2875","1694"
"2001","Arkansas","AR","Total","Considered suicide","H26","19.5838","17.7684","21.5361","1687"
"2001","Delaware","DE","Female","Sad or hopeless","H25","32.2785","29.4309","35.264","1425"
"2001","Delaware","DE","Female","Considered suicide","H26","19.6042","17.5548","21.8296","1426"
"2001","Delaware","DE","Male","Sad or hopeless","H25","21.3457","19.2149","23.6436","1464"
"2001","Delaware","DE","Male","Considered suicide","H26","12.8524","11.0975","14.8383","1461"
"2001","Delaware","DE","Total","Sad or hopeless","H25","26.9507","25.1593","28.8205","2906"
"2001","Delaware","DE","Total","Considered suicide","H26","16.2858","14.9015","17.7719","2904"
"2001","Florida","FL","Female","Sad or hopeless","H25","34.7397","32.6119","36.9303","2097"
"2001","Florida","FL","Female","Considered suicide","H26","19.3513","17.46","21.3943","2095"
"2001","Florida","FL","Male","Sad or hopeless","H25","21.7784","19.7439","23.96","2093"
"2001","Florida","FL","Male","Considered suicide","H26","11.4421","10.2198","12.7897","2088"
"2001","Florida","FL","Total","Sad or hopeless","H25","28.163","26.5651","29.818","4224"
"2001","Florida","FL","Total","Considered suicide","H26","15.4381","14.2158","16.745","4217"
"2001","Idaho","ID","Female","Sad or hopeless","H25","33.1057","28.6317","37.9075","872"
"2001","Idaho","ID","Female","Considered suicide","H26","20.0955","17.9704","22.4033","869"
"2001","Idaho","ID","Male","Sad or hopeless","H25","19.6774","16.7489","22.9765","825"
"2001","Idaho","ID","Male","Considered suicide","H26","13.3734","10.6208","16.706","822"
"2001","Idaho","ID","Total","Sad or hopeless","H25","26.4259","24.3876","28.5703","1705"
"2001","Idaho","ID","Total","Considered suicide","H26","16.7497","14.813","18.8835","1699"
"2001","Massachusetts","MA","Female","Sad or hopeless","H25","34.9524","32.4084","37.5851","2009"
"2001","Massachusetts","MA","Female","Considered suicide","H26","25.2825","23.0543","27.6486","2034"
"2001","Massachusetts","MA","Male","Sad or hopeless","H25","22.7296","20.3832","25.2603","2110"
"2001","Massachusetts","MA","Male","Considered suicide","H26","15.021","13.4826","16.7009","2134"
"2001","Massachusetts","MA","Total","Sad or hopeless","H25","28.7778","26.5608","31.1014","4132"
"2001","Massachusetts","MA","Total","Considered suicide","H26","20.0722","18.6596","21.5634","4182"
"2001","Maine","ME","Female","Sad or hopeless","H25","34.1155","27.9903","40.8212","614"
"2001","Maine","ME","Female","Considered suicide","H26","24.9121","18.3658","32.8527","612"
"2001","Maine","ME","Male","Sad or hopeless","H25","19.6017","16.7319","22.8286","671"
"2001","Maine","ME","Male","Considered suicide","H26","12.4544","9.3073","16.4722","665"
"2001","Maine","ME","Total","Sad or hopeless","H25","26.667","24.252","29.2298","1289"
"2001","Maine","ME","Total","Considered suicide","H26","18.5646","14.7487","23.1003","1281"
"2001","Michigan","MI","Female","Sad or hopeless","H25","32.8856","30.0585","35.8424","1830"
"2001","Michigan","MI","Female","Considered suicide","H26","23.1426","21.0123","25.4194","1827"
"2001","Michigan","MI","Male","Sad or hopeless","H25","21.7982","20.2604","23.4185","1751"
"2001","Michigan","MI","Male","Considered suicide","H26","13.1311","11.5199","14.9295","1755"
"2001","Michigan","MI","Total","Sad or hopeless","H25","27.2699","25.4407","29.1793","3597"
"2001","Michigan","MI","Total","Considered suicide","H26","18.0828","16.6752","19.5813","3596"
"2001","Missouri","MO","Female","Sad or hopeless","H25","33.2746","29.9237","36.8036","870"
"2001","Missouri","MO","Female","Considered suicide","H26","22.9693","20.6076","25.5146","871"
"2001","Missouri","MO","Male","Sad or hopeless","H25","24.1247","20.3704","28.3249","770"
"2001","Missouri","MO","Male","Considered suicide","H26","15.6161","10.4552","22.6794","768"
"2001","Missouri","MO","Total","Sad or hopeless","H25","28.5429","25.606","31.6732","1647"
"2001","Missouri","MO","Total","Considered suicide","H26","19.1502","15.5939","23.2937","1646"
"2001","Mississippi","MS","Female","Sad or hopeless","H25","33.1396","29.5239","36.9659","932"
"2001","Mississippi","MS","Female","Considered suicide","H26","17.4077","15.2875","19.7533","931"
"2001","Mississippi","MS","Male","Sad or hopeless","H25","24.7948","21.8005","28.0529","860"
"2001","Mississippi","MS","Male","Considered suicide","H26","11.5799","8.8538","15.0073","863"
"2001","Mississippi","MS","Total","Sad or hopeless","H25","29.1437","27.318","31.0393","1798"
"2001","Mississippi","MS","Total","Considered suicide","H26","14.5913","12.7629","16.6317","1800"
"2001","Montana","MT","Female","Sad or hopeless","H25","33.8128","30.5902","37.193","1266"
"2001","Montana","MT","Female","Considered suicide","H26","24.3841","21.414","27.6214","1281"
"2001","Montana","MT","Male","Sad or hopeless","H25","19.5975","16.8512","22.6695","1388"
"2001","Montana","MT","Male","Considered suicide","H26","14.4257","12.7743","16.251","1405"
"2001","Montana","MT","Total","Sad or hopeless","H25","26.6022","24.3594","28.9724","2696"
"2001","Montana","MT","Total","Considered suicide","H26","19.3896","17.5282","21.3974","2727"
"2001","North Carolina","NC","Female","Sad or hopeless","H25","37.9852","34.6118","41.4788","1270"
"2001","North Carolina","NC","Female","Considered suicide","H26","21.8464","19.0608","24.9137","1262"
"2001","North Carolina","NC","Male","Sad or hopeless","H25","20.8335","18.6244","23.2299","1243"
"2001","North Carolina","NC","Male","Considered suicide","H26","14.2845","12.1046","16.782","1221"
"2001","North Carolina","NC","Total","Sad or hopeless","H25","29.348","26.8914","31.9311","2518"
"2001","North Carolina","NC","Total","Considered suicide","H26","18.0552","16.0743","20.2214","2486"
"2001","North Dakota","ND","Female","Sad or hopeless","H25","31.5719","28.0041","35.371","776"
"2001","North Dakota","ND","Female","Considered suicide","H26","21.9831","18.7614","25.5838","776"
"2001","North Dakota","ND","Male","Sad or hopeless","H25","20.0605","16.8859","23.6621","816"
"2001","North Dakota","ND","Male","Considered suicide","H26","15.7195","13.4304","18.3162","816"
"2001","North Dakota","ND","Total","Sad or hopeless","H25","25.8641","23.2873","28.6197","1595"
"2001","North Dakota","ND","Total","Considered suicide","H26","18.9745","16.7125","21.4638","1595"
"2001","New Jersey","NJ","Female","Sad or hopeless","H25","35.9149","30.6749","41.5141","1111"
"2001","New Jersey","NJ","Female","Considered suicide","H26","19.7473","17.2645","22.4901","1074"
"2001","New Jersey","NJ","Male","Sad or hopeless","H25","25.2593","22.0627","28.7481","1023"
"2001","New Jersey","NJ","Male","Considered suicide","H26","14.8352","11.3397","19.1751","990"
"2001","New Jersey","NJ","Total","Sad or hopeless","H25","30.6559","27.3635","34.1582","2139"
"2001","New Jersey","NJ","Total","Considered suicide","H26","17.3026","15.0867","19.7682","2068"
"2001","Nevada","NV","Female","Sad or hopeless","H25","35.4916","31.5709","39.6174","813"
"2001","Nevada","NV","Female","Considered suicide","H26","25.467","22.3455","28.8624","812"
"2001","Nevada","NV","Male","Sad or hopeless","H25","24.1682","19.7848","29.1697","649"
"2001","Nevada","NV","Male","Considered suicide","H26","14.0449","11.4011","17.1829","648"
"2001","Nevada","NV","Total","Sad or hopeless","H25","29.6559","26.3173","33.2271","1463"
"2001","Nevada","NV","Total","Considered suicide","H26","19.5865","17.3458","22.0395","1461"
"2001","Rhode Island","RI","Female","Sad or hopeless","H25","30.8655","26.6546","35.4204","713"
"2001","Rhode Island","RI","Female","Considered suicide","H26","19.5229","16.1503","23.4033","711"
"2001","Rhode Island","RI","Male","Sad or hopeless","H25","20.465","16.3303","25.3297","667"
"2001","Rhode Island","RI","Male","Considered suicide","H26","13.6628","10.7783","17.1707","668"
"2001","Rhode Island","RI","Total","Sad or hopeless","H25","25.68","23.1782","28.3521","1389"
"2001","Rhode Island","RI","Total","Considered suicide","H26","16.5482","14.0035","19.4507","1389"
"2001","South Dakota","SD","Female","Sad or hopeless","H25","30.1818","25.7439","35.0239","853"
"2001","South Dakota","SD","Female","Considered suicide","H26","23.9246","20.783","27.377","855"
"2001","South Dakota","SD","Male","Sad or hopeless","H25","16.3068","13.3744","19.7356","749"
"2001","South Dakota","SD","Male","Considered suicide","H26","14.8286","11.996","18.1917","747"
"2001","South Dakota","SD","Total","Sad or hopeless","H25","23.1115","20.2901","26.1963","1604"
"2001","South Dakota","SD","Total","Considered suicide","H26","19.301","16.9753","21.8615","1604"
"2001","Texas","TX","Female","Sad or hopeless","H25","36.3489","32.534","40.3436","3685"
"2001","Texas","TX","Female","Considered suicide","H26","23.1674","21.3796","25.0572","3684"
"2001","Texas","TX","Male","Sad or hopeless","H25","22.5384","20.7582","24.4242","3344"
"2001","Texas","TX","Male","Considered suicide","H26","12.4931","10.9798","14.1817","3344"
"2001","Texas","TX","Total","Sad or hopeless","H25","29.2817","26.8055","31.887","7052"
"2001","Texas","TX","Total","Considered suicide","H26","17.6938","16.3924","19.075","7051"
"2001","Utah","UT","Female","Sad or hopeless","H25","31.3294","26.9201","36.1042","559"
"2001","Utah","UT","Female","Considered suicide","H26","22.4205","18.0929","27.4364","558"
"2001","Utah","UT","Male","Sad or hopeless","H25","23.3011","17.5843","30.1956","505"
"2001","Utah","UT","Male","Considered suicide","H26","16.4202","12.7194","20.9394","504"
"2001","Utah","UT","Total","Sad or hopeless","H25","27.225","23.0721","31.8163","1068"
"2001","Utah","UT","Total","Considered suicide","H26","19.3624","17.2343","21.6845","1066"
"2001","Wisconsin","WI","Female","Sad or hopeless","H25","35.6571","32.3597","39.0963","1082"
"2001","Wisconsin","WI","Female","Considered suicide","H26","25.4302","22.4614","28.6465","1077"
"2001","Wisconsin","WI","Male","Sad or hopeless","H25","18.0926","15.4662","21.0538","1021"
"2001","Wisconsin","WI","Male","Considered suicide","H26","14.5839","12.2439","17.2831","1022"
"2001","Wisconsin","WI","Total","Sad or hopeless","H25","26.6973","24.0958","29.4707","2106"
"2001","Wisconsin","WI","Total","Considered suicide","H26","19.8834","17.8275","22.1126","2103"
"2001","Wyoming","WY","Female","Sad or hopeless","H25","33.064","30.1885","36.072","1350"
"2001","Wyoming","WY","Female","Considered suicide","H26","22.6378","20.0615","25.4396","1351"
"2001","Wyoming","WY","Male","Sad or hopeless","H25","19.9607","17.8354","22.2707","1392"
"2001","Wyoming","WY","Male","Considered suicide","H26","14.5561","12.9662","16.3043","1391"
"2001","Wyoming","WY","Total","Sad or hopeless","H25","26.1877","24.4107","28.046","2765"
"2001","Wyoming","WY","Total","Considered suicide","H26","18.5085","17.11","19.9937","2765"
"2003","Alaska","AK","Female","Sad or hopeless","H25","30.1468","26.9843","33.5099","707"
"2003","Alaska","AK","Female","Considered suicide","H26","21.0718","17.812","24.7486","706"
"2003","Alaska","AK","Male","Sad or hopeless","H25","20.7865","17.7581","24.1794","757"
"2003","Alaska","AK","Male","Considered suicide","H26","12.668","10.0563","15.8386","757"
"2003","Alaska","AK","Total","Sad or hopeless","H25","25.2482","22.7176","27.9587","1473"
"2003","Alaska","AK","Total","Considered suicide","H26","16.6579","14.3979","19.193","1472"
"2003","Alabama","AL","Female","Sad or hopeless","H25","31.257","27.4687","35.3135","568"
"2003","Alabama","AL","Female","Considered suicide","H26","17.2137","13.792","21.2748","567"
"2003","Alabama","AL","Male","Sad or hopeless","H25","23.1055","19.1828","27.5569","516"
"2003","Alabama","AL","Male","Considered suicide","H26","11.6106","9.1293","14.6575","516"
"2003","Alabama","AL","Total","Sad or hopeless","H25","27.126","24.613","29.7942","1085"
"2003","Alabama","AL","Total","Considered suicide","H26","14.3512","12.1313","16.8993","1083"
"2003","Arizona","AZB","Female","Sad or hopeless","H25","40.4136","37.2516","43.6573","1694"
"2003","Arizona","AZB","Female","Considered suicide","H26","24.0485","20.7198","27.7248","1694"
"2003","Arizona","AZB","Male","Sad or hopeless","H25","21.6293","19.3473","24.1","1717"
"2003","Arizona","AZB","Male","Considered suicide","H26","12.7242","10.741","15.012","1717"
"2003","Arizona","AZB","Total","Sad or hopeless","H25","31.2729","28.8631","33.7883","3416"
"2003","Arizona","AZB","Total","Considered suicide","H26","18.5469","16.9464","20.2617","3416"
"2003","Delaware","DE","Female","Sad or hopeless","H25","33.7135","30.9913","36.5481","1552"
"2003","Delaware","DE","Female","Considered suicide","H26","19.9954","17.8514","22.3268","1547"
"2003","Delaware","DE","Male","Sad or hopeless","H25","20.9925","18.7112","23.4717","1450"
"2003","Delaware","DE","Male","Considered suicide","H26","11.0114","9.1619","13.18","1451"
"2003","Delaware","DE","Total","Sad or hopeless","H25","27.372","25.556","29.2663","3034"
"2003","Delaware","DE","Total","Considered suicide","H26","15.5948","14.0723","17.2489","3029"
"2003","Florida","FL","Female","Sad or hopeless","H25","37.6317","35.7181","39.5847","2136"
"2003","Florida","FL","Female","Considered suicide","H26","20.4271","19.0333","21.8953","2128"
"2003","Florida","FL","Male","Sad or hopeless","H25","22.7235","21.1422","24.3866","1909"
"2003","Florida","FL","Male","Considered suicide","H26","11.3345","9.9301","12.909","1905"
"2003","Florida","FL","Total","Sad or hopeless","H25","30.0776","28.7325","31.4579","4072"
"2003","Florida","FL","Total","Considered suicide","H26","15.8286","14.7358","16.9864","4060"
"2003","Georgia","GA","Female","Sad or hopeless","H25","34.9626","32.0865","37.9523","1063"
"2003","Georgia","GA","Female","Considered suicide","H26","19.8131","17.0148","22.9442","1063"
"2003","Georgia","GA","Male","Sad or hopeless","H25","22.0801","19.154","25.3132","995"
"2003","Georgia","GA","Male","Considered suicide","H26","13.1139","10.9932","15.5722","997"
"2003","Georgia","GA","Total","Sad or hopeless","H25","28.4949","26.1602","30.9507","2058"
"2003","Georgia","GA","Total","Considered suicide","H26","16.4467","14.7644","18.2795","2060"
"2003","Idaho","ID","Female","Sad or hopeless","H25","35.9297","32.2332","39.8011","875"
"2003","Idaho","ID","Female","Considered suicide","H26","22.4379","19.0859","26.188","875"
"2003","Idaho","ID","Male","Sad or hopeless","H25","21.9237","19.0313","25.1193","850"
"2003","Idaho","ID","Male","Considered suicide","H26","13.3659","11.0757","16.0442","846"
"2003","Idaho","ID","Total","Sad or hopeless","H25","28.6959","26.1563","31.3774","1729"
"2003","Idaho","ID","Total","Considered suicide","H26","17.7889","15.8887","19.8626","1725"
"2003","Indiana","IN","Female","Sad or hopeless","H25","30.2598","26.4869","34.3193","871"
"2003","Indiana","IN","Female","Considered suicide","H26","18.91","15.9578","22.2636","872"
"2003","Indiana","IN","Male","Sad or hopeless","H25","21.0158","17.2128","25.4013","792"
"2003","Indiana","IN","Male","Considered suicide","H26","13.2912","10.1253","17.2569","790"
"2003","Indiana","IN","Total","Sad or hopeless","H25","25.4954","22.1677","29.1358","1668"
"2003","Indiana","IN","Total","Considered suicide","H26","16.0046","13.573","18.7773","1667"
"2003","Kentucky","KY","Female","Sad or hopeless","H25","36.6636","32.1083","41.4704","760"
"2003","Kentucky","KY","Female","Considered suicide","H26","20.9661","16.7948","25.8515","760"
"2003","Kentucky","KY","Male","Sad or hopeless","H25","23.5728","19.6734","27.9759","831"
"2003","Kentucky","KY","Male","Considered suicide","H26","14.3422","11.3651","17.9413","829"
"2003","Kentucky","KY","Total","Sad or hopeless","H25","30.0666","26.6032","33.7734","1595"
"2003","Kentucky","KY","Total","Considered suicide","H26","17.5669","14.6936","20.8646","1594"
"2003","Massachusetts","MA","Female","Sad or hopeless","H25","34.9751","32.0976","37.9663","1814"
"2003","Massachusetts","MA","Female","Considered suicide","H26","19.9583","18.047","22.0178","1808"
"2003","Massachusetts","MA","Male","Sad or hopeless","H25","21.1231","18.4177","24.1084","1769"
"2003","Massachusetts","MA","Male","Considered suicide","H26","12.7127","10.6817","15.0647","1762"
"2003","Massachusetts","MA","Total","Sad or hopeless","H25","28.0163","25.9096","30.2245","3590"
"2003","Massachusetts","MA","Total","Considered suicide","H26","16.334","14.6965","18.1151","3576"
"2003","Maine","ME","Female","Sad or hopeless","H25","31.3245","27.8184","35.0578","817"
"2003","Maine","ME","Female","Considered suicide","H26","21.4629","18.8762","24.298","827"
"2003","Maine","ME","Male","Sad or hopeless","H25","18.1994","15.576","21.154","819"
"2003","Maine","ME","Male","Considered suicide","H26","12.4301","10.3342","14.8806","824"
"2003","Maine","ME","Total","Sad or hopeless","H25","24.7287","23.0965","26.4366","1646"
"2003","Maine","ME","Total","Considered suicide","H26","17.096","15.5423","18.7704","1663"
"2003","Michigan","MI","Female","Sad or hopeless","H25","36.472","32.3963","40.7515","1689"
"2003","Michigan","MI","Female","Considered suicide","H26","21.8385","18.6682","25.3792","1687"
"2003","Michigan","MI","Male","Sad or hopeless","H25","24.0895","20.8865","27.6124","1728"
"2003","Michigan","MI","Male","Considered suicide","H26","14.1424","11.7714","16.8996","1725"
"2003","Michigan","MI","Total","Sad or hopeless","H25","30.2209","27.2273","33.3925","3427"
"2003","Michigan","MI","Total","Considered suicide","H26","18.0745","15.7021","20.7172","3422"
"2003","Missouri","MO","Female","Sad or hopeless","H25","32.1255","26.0609","38.8597","710"
"2003","Missouri","MO","Female","Considered suicide","H26","21.491","17.7445","25.7807","710"
"2003","Missouri","MO","Male","Sad or hopeless","H25","20.1902","16.9706","23.8452","831"
"2003","Missouri","MO","Male","Considered suicide","H26","12.2012","8.9702","16.3865","829"
"2003","Missouri","MO","Total","Sad or hopeless","H25","26.0314","22.0732","30.4223","1549"
"2003","Missouri","MO","Total","Considered suicide","H26","16.8006","13.2466","21.0765","1547"
"2003","Mississippi","MS","Female","Sad or hopeless","H25","34.9589","31.902","38.1446","791"
"2003","Mississippi","MS","Female","Considered suicide","H26","16.0962","13.1132","19.6047","791"
"2003","Mississippi","MS","Male","Sad or hopeless","H25","21.7091","17.1267","27.1165","691"
"2003","Mississippi","MS","Male","Considered suicide","H26","10.3683","8.4066","12.7241","690"
"2003","Mississippi","MS","Total","Sad or hopeless","H25","28.7434","25.9812","31.6737","1487"
"2003","Mississippi","MS","Total","Considered suicide","H26","13.5222","11.7421","15.5247","1486"
"2003","Montana","MT","Female","Sad or hopeless","H25","33.0807","30.4241","35.8498","1365"
"2003","Montana","MT","Female","Considered suicide","H26","24.2079","21.7002","26.9057","1365"
"2003","Montana","MT","Male","Sad or hopeless","H25","20.1755","17.6061","23.0151","1369"
"2003","Montana","MT","Male","Considered suicide","H26","13.8143","11.6136","16.3548","1371"
"2003","Montana","MT","Total","Sad or hopeless","H25","26.4483","24.2611","28.7577","2762"
"2003","Montana","MT","Total","Considered suicide","H26","18.9249","17.0658","20.9354","2763"
"2003","North Carolina","NC","Female","Sad or hopeless","H25","38.3818","35.3908","41.4633","1288"
"2003","North Carolina","NC","Female","Considered suicide","H26","22.989","19.5171","26.8722","1273"
"2003","North Carolina","NC","Male","Sad or hopeless","H25","22.7422","19.8275","25.9466","1236"
"2003","North Carolina","NC","Male","Considered suicide","H26","13.2296","11.6821","14.9474","1223"
"2003","North Carolina","NC","Total","Sad or hopeless","H25","30.5695","28.3273","32.9077","2528"
"2003","North Carolina","NC","Total","Considered suicide","H26","18.0893","16.0974","20.2682","2500"
"2003","North Dakota","ND","Female","Sad or hopeless","H25","27.3356","24.0143","30.9293","830"
"2003","North Dakota","ND","Female","Considered suicide","H26","17.632","15.2968","20.2384","831"
"2003","North Dakota","ND","Male","Sad or hopeless","H25","14.7575","12.2806","17.6336","827"
"2003","North Dakota","ND","Male","Considered suicide","H26","9.7776","7.5518","12.5704","827"
"2003","North Dakota","ND","Total","Sad or hopeless","H25","20.8","18.6752","23.0979","1660"
"2003","North Dakota","ND","Total","Considered suicide","H26","13.561","11.863","15.4593","1661"
"2003","Nebraska","NE","Female","Sad or hopeless","H25","31.6386","28.6409","34.7971","1463"
"2003","Nebraska","NE","Female","Considered suicide","H26","23.9705","21.3549","26.7973","1462"
"2003","Nebraska","NE","Male","Sad or hopeless","H25","19.217","17.1305","21.4918","1462"
"2003","Nebraska","NE","Male","Considered suicide","H26","12.1851","10.3859","14.2465","1455"
"2003","Nebraska","NE","Total","Sad or hopeless","H25","25.2579","23.4811","27.1214","2927"
"2003","Nebraska","NE","Total","Considered suicide","H26","17.9348","16.1317","19.8916","2919"
"2003","New Hampshire","NH","Female","Sad or hopeless","H25","34.231","29.6636","39.1106","740"
"2003","New Hampshire","NH","Female","Considered suicide","H26","22.4749","19.2307","26.0895","740"
"2003","New Hampshire","NH","Male","Sad or hopeless","H25","21.5842","17.7621","25.969","579"
"2003","New Hampshire","NH","Male","Considered suicide","H26","12.9259","10.3996","15.9566","578"
"2003","New Hampshire","NH","Total","Sad or hopeless","H25","28.0089","24.9244","31.316","1325"
"2003","New Hampshire","NH","Total","Considered suicide","H26","17.7616","15.6825","20.0507","1324"
"2003","Nevada","NV","Female","Sad or hopeless","H25","36.4084","32.5695","40.4284","1087"
"2003","Nevada","NV","Female","Considered suicide","H26","24.2351","21.4239","27.287","1086"
"2003","Nevada","NV","Male","Sad or hopeless","H25","23.7464","20.4746","27.3612","889"
"2003","Nevada","NV","Male","Considered suicide","H26","12.1636","9.7061","15.139","889"
"2003","Nevada","NV","Total","Sad or hopeless","H25","29.9304","27.2308","32.7772","1976"
"2003","Nevada","NV","Total","Considered suicide","H26","18.056","15.928","20.3993","1975"
"2003","New York","NY","Female","Sad or hopeless","H25","34.3053","32.1478","36.5295","4739"
"2003","New York","NY","Female","Considered suicide","H26","19.6152","18.2483","21.0581","4734"
"2003","New York","NY","Male","Sad or hopeless","H25","21.2875","19.3133","23.405","4488"
"2003","New York","NY","Male","Considered suicide","H26","9.2903","7.972","10.8009","4471"
"2003","New York","NY","Total","Sad or hopeless","H25","27.7591","26.1377","29.4411","9281"
"2003","New York","NY","Total","Considered suicide","H26","14.439","13.2974","15.661","9259"
"2003","Ohio","OH","Female","Sad or hopeless","H25","37.4463","32.6248","42.5305","650"
"2003","Ohio","OH","Female","Considered suicide","H26","21.3126","16.1973","27.513","655"
"2003","Ohio","OH","Male","Sad or hopeless","H25","23.8963","19.8943","28.4177","547"
"2003","Ohio","OH","Male","Considered suicide","H26","15.2277","12.5433","18.3661","551"
"2003","Ohio","OH","Total","Sad or hopeless","H25","30.5512","27.6587","33.6056","1200"
"2003","Ohio","OH","Total","Considered suicide","H26","18.1702","15.4635","21.2316","1208"
"2003","Oklahoma","OK","Female","Sad or hopeless","H25","32.292","27.8573","37.0699","686"
"2003","Oklahoma","OK","Female","Considered suicide","H26","17.0968","12.7727","22.507","686"
"2003","Oklahoma","OK","Male","Sad or hopeless","H25","22.1395","17.6317","27.4161","685"
"2003","Oklahoma","OK","Male","Considered suicide","H26","13.6592","9.9864","18.4065","682"
"2003","Oklahoma","OK","Total","Sad or hopeless","H25","27.0939","23.3443","31.2008","1382"
"2003","Oklahoma","OK","Total","Considered suicide","H26","15.4489","12.1069","19.5086","1379"
"2003","Rhode Island","RI","Female","Sad or hopeless","H25","29.3525","24.947","34.1817","902"
"2003","Rhode Island","RI","Female","Considered suicide","H26","16.473","14.1602","19.0797","903"
"2003","Rhode Island","RI","Male","Sad or hopeless","H25","19.4069","17.9617","20.9387","896"
"2003","Rhode Island","RI","Male","Considered suicide","H26","11.9024","9.7217","14.4936","896"
"2003","Rhode Island","RI","Total","Sad or hopeless","H25","24.3304","21.9073","26.9291","1809"
"2003","Rhode Island","RI","Total","Considered suicide","H26","14.1268","12.2911","16.1861","1810"
"2003","South Dakota","SD","Female","Sad or hopeless","H25","31.4285","26.391","36.945","934"
"2003","South Dakota","SD","Female","Considered suicide","H26","21.7908","18.1069","25.9864","936"
"2003","South Dakota","SD","Male","Sad or hopeless","H25","18.0745","14.934","21.707","878"
"2003","South Dakota","SD","Male","Considered suicide","H26","15.9251","12.2907","20.3844","879"
"2003","South Dakota","SD","Total","Sad or hopeless","H25","24.5636","21.0398","28.4647","1818"
"2003","South Dakota","SD","Total","Considered suicide","H26","18.7595","15.7347","22.2126","1822"
"2003","Tennessee","TN","Female","Sad or hopeless","H25","37.3722","34.1725","40.6864","1052"
"2003","Tennessee","TN","Female","Considered suicide","H26","21.554","18.2349","25.2903","1052"
"2003","Tennessee","TN","Male","Sad or hopeless","H25","19.5647","16.2323","23.3902","877"
"2003","Tennessee","TN","Male","Considered suicide","H26","13.6221","10.7517","17.1119","876"
"2003","Tennessee","TN","Total","Sad or hopeless","H25","28.3094","26.2306","30.4849","1936"
"2003","Tennessee","TN","Total","Considered suicide","H26","17.5039","15.0651","20.2434","1936"
"2003","Utah","UT","Female","Sad or hopeless","H25","31.8589","26.7406","37.456","770"
"2003","Utah","UT","Female","Considered suicide","H26","17.9998","14.4068","22.2559","772"
"2003","Utah","UT","Male","Sad or hopeless","H25","21.6232","17.4367","26.4923","673"
"2003","Utah","UT","Male","Considered suicide","H26","14.1905","10.0737","19.6226","673"
"2003","Utah","UT","Total","Sad or hopeless","H25","26.6405","22.5475","31.1774","1447"
"2003","Utah","UT","Total","Considered suicide","H26","16.0676","12.7353","20.0711","1449"
"2003","Vermont","VT","Female","Sad or hopeless","H25","29.4241","27.2216","31.7272","2950"
"2003","Vermont","VT","Male","Sad or hopeless","H25","18.3999","16.7587","20.1629","3014"
"2003","Vermont","VT","Total","Sad or hopeless","H25","23.7947","21.8855","25.8154","5991"
"2003","Wisconsin","WI","Female","Sad or hopeless","H25","33.4612","30.1111","36.9868","1093"
"2003","Wisconsin","WI","Female","Considered suicide","H26","25.5509","22.1245","29.3082","1094"
"2003","Wisconsin","WI","Male","Sad or hopeless","H25","17.5637","14.6427","20.9244","1012"
"2003","Wisconsin","WI","Male","Considered suicide","H26","13.8337","11.6012","16.4161","1012"
"2003","Wisconsin","WI","Total","Sad or hopeless","H25","25.3427","23.0684","27.7603","2110"
"2003","Wisconsin","WI","Total","Considered suicide","H26","19.5698","17.4298","21.9028","2111"
"2003","West Virginia","WV","Female","Sad or hopeless","H25","41.6805","36.0813","47.5029","886"
"2003","West Virginia","WV","Female","Considered suicide","H26","23.9583","19.0488","29.6694","886"
"2003","West Virginia","WV","Male","Sad or hopeless","H25","22.6093","19.0177","26.6559","854"
"2003","West Virginia","WV","Male","Considered suicide","H26","12.0932","9.0581","15.9666","852"
"2003","West Virginia","WV","Total","Sad or hopeless","H25","31.8559","28.2476","35.6958","1742"
"2003","West Virginia","WV","Total","Considered suicide","H26","17.8485","14.6349","21.5893","1740"
"2003","Wyoming","WY","Female","Sad or hopeless","H25","36.92","32.61","41.4494","766"
"2003","Wyoming","WY","Female","Considered suicide","H26","24.8216","21.7397","28.183","765"
"2003","Wyoming","WY","Male","Sad or hopeless","H25","23.5142","20.2985","27.0664","776"
"2003","Wyoming","WY","Male","Considered suicide","H26","17.4716","15.0668","20.1692","774"
"2003","Wyoming","WY","Total","Sad or hopeless","H25","30.233","27.1942","33.4555","1549"
"2003","Wyoming","WY","Total","Considered suicide","H26","21.0341","19.0222","23.1978","1546"
"2005","Alabama","AL","Female","Sad or hopeless","H25","31.2354","26.5544","36.3333","574"
"2005","Alabama","AL","Female","Considered suicide","H26","19.4578","14.4414","25.6935","575"
"2005","Alabama","AL","Male","Sad or hopeless","H25","25.6256","21.5289","30.2019","544"
"2005","Alabama","AL","Male","Considered suicide","H26","14.6565","11.4815","18.5258","549"
"2005","Alabama","AL","Total","Sad or hopeless","H25","28.5217","25.1999","32.0935","1131"
"2005","Alabama","AL","Total","Considered suicide","H26","17.1176","14.1321","20.5825","1136"
"2005","Arkansas","AR","Female","Sad or hopeless","H25","38.2315","34.3881","42.228","819"
"2005","Arkansas","AR","Female","Considered suicide","H26","24.4525","21.1057","28.1408","819"
"2005","Arkansas","AR","Male","Sad or hopeless","H25","26.2531","22.8784","29.9325","743"
"2005","Arkansas","AR","Male","Considered suicide","H26","13.6584","10.8521","17.0516","745"
"2005","Arkansas","AR","Total","Sad or hopeless","H25","32.4126","29.5038","35.464","1588"
"2005","Arkansas","AR","Total","Considered suicide","H26","19.2178","17.139","21.4833","1593"
"2005","Arizona","AZB","Female","Sad or hopeless","H25","43.7498","40.9258","46.6149","1689"
"2005","Arizona","AZB","Female","Considered suicide","H26","25.3712","22.6648","28.2826","1718"
"2005","Arizona","AZB","Male","Sad or hopeless","H25","24.8885","22.225","27.7573","1504"
"2005","Arizona","AZB","Male","Considered suicide","H26","15.9944","13.6838","18.6111","1542"
"2005","Arizona","AZB","Total","Sad or hopeless","H25","34.3079","32.3857","36.283","3202"
"2005","Arizona","AZB","Total","Considered suicide","H26","20.6605","18.9461","22.487","3268"
"2005","Colorado","CO","Female","Sad or hopeless","H25","36.3992","32.9792","39.9623","696"
"2005","Colorado","CO","Female","Considered suicide","H26","18.2694","15.5501","21.3441","696"
"2005","Colorado","CO","Male","Sad or hopeless","H25","14.3928","12.2341","16.8593","786"
"2005","Colorado","CO","Male","Considered suicide","H26","9.2541","6.4737","13.062","786"
"2005","Colorado","CO","Total","Sad or hopeless","H25","24.971","21.0104","29.4003","1494"
"2005","Colorado","CO","Total","Considered suicide","H26","13.5965","11.4579","16.0619","1494"
"2005","Connecticut","CT","Female","Sad or hopeless","H25","31.3752","28.3725","34.5425","1097"
"2005","Connecticut","CT","Female","Considered suicide","H26","18.0084","14.5153","22.1246","1100"
"2005","Connecticut","CT","Male","Sad or hopeless","H25","18.3027","16.1443","20.6786","1098"
"2005","Connecticut","CT","Male","Considered suicide","H26","12.2855","10.0988","14.8674","1093"
"2005","Connecticut","CT","Total","Sad or hopeless","H25","24.7852","22.9204","26.749","2207"
"2005","Connecticut","CT","Total","Considered suicide","H26","15.1267","13.0868","17.4207","2204"
"2005","Delaware","DE","Female","Sad or hopeless","H25","35.2863","32.5964","38.0729","1342"
"2005","Delaware","DE","Female","Considered suicide","H26","16.1519","14.2041","18.3097","1345"
"2005","Delaware","DE","Male","Sad or hopeless","H25","19.8683","17.445","22.5364","1290"
"2005","Delaware","DE","Male","Considered suicide","H26","9.6306","8.0464","11.4876","1294"
"2005","Delaware","DE","Total","Sad or hopeless","H25","27.5352","25.6482","29.5059","2677"
"2005","Delaware","DE","Total","Considered suicide","H26","12.7441","11.4191","14.1982","2684"
"2005","Florida","FL","Female","Sad or hopeless","H25","35.1967","33.2162","37.2295","2398"
"2005","Florida","FL","Female","Considered suicide","H26","18.978","17.2596","20.8245","2396"
"2005","Florida","FL","Male","Sad or hopeless","H25","19.675","17.5771","21.9566","2112"
"2005","Florida","FL","Male","Considered suicide","H26","10.05","8.5818","11.7371","2109"
"2005","Florida","FL","Total","Sad or hopeless","H25","27.3131","25.8856","28.7888","4541"
"2005","Florida","FL","Total","Considered suicide","H26","14.5376","13.4524","15.6944","4539"
"2005","Georgia","GA","Female","Sad or hopeless","H25","36.1428","32.9426","39.471","909"
"2005","Georgia","GA","Female","Considered suicide","H26","23.3711","18.4614","29.1203","909"
"2005","Georgia","GA","Male","Sad or hopeless","H25","22.2296","19.0719","25.7437","832"
"2005","Georgia","GA","Male","Considered suicide","H26","11.4775","8.0191","16.1654","830"
"2005","Georgia","GA","Total","Sad or hopeless","H25","29.1349","26.1531","32.308","1744"
"2005","Georgia","GA","Total","Considered suicide","H26","17.3627","13.4715","22.091","1743"
"2005","Hawaii","HI","Female","Sad or hopeless","H25","40.1891","35.7267","44.8202","865"
"2005","Hawaii","HI","Female","Considered suicide","H26","25.9694","22.0939","30.2608","868"
"2005","Hawaii","HI","Male","Sad or hopeless","H25","24.0225","20.9934","27.3374","770"
"2005","Hawaii","HI","Male","Considered suicide","H26","14.079","11.5127","17.1068","771"
"2005","Hawaii","HI","Total","Sad or hopeless","H25","31.8031","28.9891","34.7566","1637"
"2005","Hawaii","HI","Total","Considered suicide","H26","19.8206","17.0794","22.8804","1641"
"2005","Iowa","IA","Female","Sad or hopeless","H25","31.5473","26.3271","37.2788","720"
"2005","Iowa","IA","Female","Considered suicide","H26","20.5082","18.4592","22.7214","720"
"2005","Iowa","IA","Male","Sad or hopeless","H25","19.1207","15.4343","23.4435","633"
"2005","Iowa","IA","Male","Considered suicide","H26","12.1055","9.2056","15.7604","633"
"2005","Iowa","IA","Total","Sad or hopeless","H25","25.2619","21.6995","29.191","1359"
"2005","Iowa","IA","Total","Considered suicide","H26","16.24","13.9218","18.8598","1359"
"2005","Idaho","ID","Female","Sad or hopeless","H25","36.039","30.6836","41.7659","743"
"2005","Idaho","ID","Female","Considered suicide","H26","20.92","17.9401","24.2486","738"
"2005","Idaho","ID","Male","Sad or hopeless","H25","20.1493","17.0431","23.6602","701"
"2005","Idaho","ID","Male","Considered suicide","H26","10.981","8.2553","14.4646","703"
"2005","Idaho","ID","Total","Sad or hopeless","H25","27.9561","24.5093","31.6843","1448"
"2005","Idaho","ID","Total","Considered suicide","H26","15.8525","13.548","18.4653","1445"
"2005","Indiana","IN","Female","Sad or hopeless","H25","33.6033","28.3883","39.2512","727"
"2005","Indiana","IN","Female","Considered suicide","H26","21.9595","18.6942","25.6156","729"
"2005","Indiana","IN","Male","Sad or hopeless","H25","21.2132","18.1328","24.6591","784"
"2005","Indiana","IN","Male","Considered suicide","H26","14.2606","11.5652","17.4603","796"
"2005","Indiana","IN","Total","Sad or hopeless","H25","27.3127","23.9569","30.9472","1511"
"2005","Indiana","IN","Total","Considered suicide","H26","18.0364","15.8316","20.4735","1525"
"2005","Kansas","KS","Female","Sad or hopeless","H25","26.5985","23.4121","30.0485","797"
"2005","Kansas","KS","Female","Considered suicide","H26","17.0951","14.1505","20.506","796"
"2005","Kansas","KS","Male","Sad or hopeless","H25","16.467","13.8526","19.4632","845"
"2005","Kansas","KS","Male","Considered suicide","H26","9.2165","7.0833","11.9099","846"
"2005","Kansas","KS","Total","Sad or hopeless","H25","21.4317","19.1963","23.8505","1650"
"2005","Kansas","KS","Total","Considered suicide","H26","12.9933","11.0013","15.2841","1650"
"2005","Kentucky","KY","Female","Sad or hopeless","H25","34.9716","31.7457","38.3412","1637"
"2005","Kentucky","KY","Female","Considered suicide","H26","18.2736","15.6947","21.1699","1638"
"2005","Kentucky","KY","Male","Sad or hopeless","H25","21.7693","19.5276","24.191","1618"
"2005","Kentucky","KY","Male","Considered suicide","H26","12.6001","10.5734","14.9504","1614"
"2005","Kentucky","KY","Total","Sad or hopeless","H25","28.2019","26.4298","30.0442","3268"
"2005","Kentucky","KY","Total","Considered suicide","H26","15.3606","13.5436","17.3723","3265"
"2005","Massachusetts","MA","Female","Sad or hopeless","H25","33.4179","31.6384","35.246","1804"
"2005","Massachusetts","MA","Female","Considered suicide","H26","15.2176","13.1766","17.5109","1798"
"2005","Massachusetts","MA","Male","Sad or hopeless","H25","20.1931","17.685","22.9578","1690"
"2005","Massachusetts","MA","Male","Considered suicide","H26","10.2109","8.7849","11.8385","1690"
"2005","Massachusetts","MA","Total","Sad or hopeless","H25","26.7085","25.1906","28.2832","3499"
"2005","Massachusetts","MA","Total","Considered suicide","H26","12.6736","11.2258","14.2782","3493"
"2005","Maryland","MD","Female","Sad or hopeless","H25","38.0526","33.9597","42.3226","820"
"2005","Maryland","MD","Female","Considered suicide","H26","21.9509","18.5903","25.7271","818"
"2005","Maryland","MD","Male","Sad or hopeless","H25","21.5317","18.5087","24.8977","587"
"2005","Maryland","MD","Male","Considered suicide","H26","12.9213","9.7148","16.9869","586"
"2005","Maryland","MD","Total","Sad or hopeless","H25","29.6678","27.8132","31.592","1412"
"2005","Maryland","MD","Total","Considered suicide","H26","17.4486","14.8527","20.3897","1409"
"2005","Maine","ME","Female","Sad or hopeless","H25","25.6826","21.357","30.5441","696"
"2005","Maine","ME","Female","Considered suicide","H26","15.7101","12.9427","18.9406","700"
"2005","Maine","ME","Male","Sad or hopeless","H25","15.837","11.9299","20.7226","648"
"2005","Maine","ME","Male","Considered suicide","H26","11.1275","7.8445","15.5525","646"
"2005","Maine","ME","Total","Sad or hopeless","H25","20.5764","17.2818","24.3144","1353"
"2005","Maine","ME","Total","Considered suicide","H26","13.3314","11.2743","15.6973","1354"
"2005","Michigan","MI","Female","Sad or hopeless","H25","32.9442","29.5745","36.4989","1713"
"2005","Michigan","MI","Female","Considered suicide","H26","19.6407","17.1007","22.4557","1716"
"2005","Michigan","MI","Male","Sad or hopeless","H25","19.688","17.0729","22.5947","1515"
"2005","Michigan","MI","Male","Considered suicide","H26","12.0173","9.4799","15.1205","1510"
"2005","Michigan","MI","Total","Sad or hopeless","H25","26.2517","23.6416","29.0403","3231"
"2005","Michigan","MI","Total","Considered suicide","H26","15.8147","13.5046","18.4358","3230"
"2005","Missouri","MO","Female","Sad or hopeless","H25","31.6489","28.2103","35.3007","1005"
"2005","Missouri","MO","Female","Considered suicide","H26","19.8516","17.6302","22.2772","1004"
"2005","Missouri","MO","Male","Sad or hopeless","H25","19.7667","17.3963","22.3725","865"
"2005","Missouri","MO","Male","Considered suicide","H26","10.9186","8.318","14.2063","863"
"2005","Missouri","MO","Total","Sad or hopeless","H25","25.5319","23.8015","27.343","1875"
"2005","Missouri","MO","Total","Considered suicide","H26","15.2805","13.2142","17.6043","1872"
"2005","Montana","MT","Female","Sad or hopeless","H25","34.0356","30.7654","37.4654","1520"
"2005","Montana","MT","Female","Considered suicide","H26","24.959","22.2267","27.9066","1521"
"2005","Montana","MT","Male","Sad or hopeless","H25","17.5995","15.5746","19.8258","1505"
"2005","Montana","MT","Male","Considered suicide","H26","10.2327","8.6792","12.0277","1505"
"2005","Montana","MT","Total","Sad or hopeless","H25","25.6146","23.5676","27.7748","3050"
"2005","Montana","MT","Total","Considered suicide","H26","17.4827","15.7053","19.415","3052"
"2005","North Carolina","NC","Female","Sad or hopeless","H25","32.3243","29.2226","35.5898","2025"
"2005","North Carolina","NC","Female","Considered suicide","H26","18.6593","16.5235","21.0016","2021"
"2005","North Carolina","NC","Male","Sad or hopeless","H25","20.745","18.0514","23.7243","1808"
"2005","North Carolina","NC","Male","Considered suicide","H26","12.5238","10.2186","15.2606","1802"
"2005","North Carolina","NC","Total","Sad or hopeless","H25","26.4751","24.1346","28.9561","3840"
"2005","North Carolina","NC","Total","Considered suicide","H26","15.6328","14.134","17.2587","3834"
"2005","North Dakota","ND","Female","Sad or hopeless","H25","25.2657","21.6034","29.3166","841"
"2005","North Dakota","ND","Female","Considered suicide","H26","18.8603","15.8971","22.23","855"
"2005","North Dakota","ND","Male","Sad or hopeless","H25","15.495","12.8557","18.5606","847"
"2005","North Dakota","ND","Male","Considered suicide","H26","11.9416","9.881","14.3634","863"
"2005","North Dakota","ND","Total","Sad or hopeless","H25","20.2706","18.22","22.4886","1690"
"2005","North Dakota","ND","Total","Considered suicide","H26","15.386","13.6321","17.3202","1721"
"2005","Nebraska","NE","Female","Sad or hopeless","H25","31.5255","28.6786","34.5182","1829"
"2005","Nebraska","NE","Female","Considered suicide","H26","21.4935","19.3124","23.8481","1831"
"2005","Nebraska","NE","Male","Sad or hopeless","H25","19.0426","17.0637","21.1924","1905"
"2005","Nebraska","NE","Male","Considered suicide","H26","11.8118","10.1569","13.6952","1901"
"2005","Nebraska","NE","Total","Sad or hopeless","H25","25.1155","23.3656","26.9503","3740"
"2005","Nebraska","NE","Total","Considered suicide","H26","16.5269","15.1115","18.0468","3737"
"2005","New Hampshire","NH","Female","Sad or hopeless","H25","32.6785","29.1675","36.3949","644"
"2005","New Hampshire","NH","Female","Considered suicide","H26","18.5693","15.6814","21.8512","643"
"2005","New Hampshire","NH","Male","Sad or hopeless","H25","17.5695","14.2106","21.5232","617"
"2005","New Hampshire","NH","Male","Considered suicide","H26","9.1124","6.7986","12.1113","615"
"2005","New Hampshire","NH","Total","Sad or hopeless","H25","24.9297","22.6532","27.3539","1270"
"2005","New Hampshire","NH","Total","Considered suicide","H26","13.9821","11.8562","16.4182","1267"
"2005","New Mexico","NM","Female","Sad or hopeless","H25","36.2335","31.2847","41.4924","2859"
"2005","New Mexico","NM","Female","Considered suicide","H26","22.3948","20.0363","24.9443","2861"
"2005","New Mexico","NM","Male","Sad or hopeless","H25","21.0033","18.255","24.0437","2632"
"2005","New Mexico","NM","Male","Considered suicide","H26","14.6056","11.5721","18.27","2630"
"2005","New Mexico","NM","Total","Sad or hopeless","H25","28.6579","25.8894","31.5963","5569"
"2005","New Mexico","NM","Total","Considered suicide","H26","18.4619","16.4629","20.6436","5568"
"2005","Nevada","NV","Female","Sad or hopeless","H25","33.561","30.7981","36.4413","896"
"2005","Nevada","NV","Female","Considered suicide","H26","21.464","18.6145","24.6178","895"
"2005","Nevada","NV","Male","Sad or hopeless","H25","22.2258","18.9665","25.8666","653"
"2005","Nevada","NV","Male","Considered suicide","H26","10.8641","8.6904","13.501","654"
"2005","Nevada","NV","Total","Sad or hopeless","H25","27.8484","25.5223","30.3002","1550"
"2005","Nevada","NV","Total","Considered suicide","H26","16.1251","14.2417","18.2047","1550"
"2005","New York","NY","Female","Sad or hopeless","H25","35.3312","32.6765","38.0796","4857"
"2005","New York","NY","Female","Considered suicide","H26","18.8551","16.6484","21.2795","4878"
"2005","New York","NY","Male","Sad or hopeless","H25","19.2716","16.7185","22.1111","4711"
"2005","New York","NY","Male","Considered suicide","H26","9.8246","8.5117","11.3149","4730"
"2005","New York","NY","Total","Sad or hopeless","H25","27.3147","25.4443","29.2686","9594"
"2005","New York","NY","Total","Considered suicide","H26","14.4223","13.0573","15.904","9634"
"2005","Ohio","OH","Female","Sad or hopeless","H25","33.8753","28.9374","39.1911","694"
"2005","Ohio","OH","Female","Considered suicide","H26","21.4572","17.7557","25.6893","702"
"2005","Ohio","OH","Male","Sad or hopeless","H25","20.5299","16.7035","24.9702","689"
"2005","Ohio","OH","Male","Considered suicide","H26","14.6438","10.9985","19.2362","691"
"2005","Ohio","OH","Total","Sad or hopeless","H25","26.9909","23.2402","31.1016","1389"
"2005","Ohio","OH","Total","Considered suicide","H26","17.935","15.2066","21.0316","1399"
"2005","Oklahoma","OK","Female","Sad or hopeless","H25","34.6012","30.9641","38.4277","918"
"2005","Oklahoma","OK","Female","Considered suicide","H26","20.0164","16.3875","24.216","919"
"2005","Oklahoma","OK","Male","Sad or hopeless","H25","21.4141","18.2025","25.0189","781"
"2005","Oklahoma","OK","Male","Considered suicide","H26","10.856","8.4936","13.7765","781"
"2005","Oklahoma","OK","Total","Sad or hopeless","H25","27.9373","25.3","30.7364","1711"
"2005","Oklahoma","OK","Total","Considered suicide","H26","15.4259","12.9108","18.3279","1712"
"2005","Rhode Island","RI","Female","Sad or hopeless","H25","34.1437","29.6407","38.952","1234"
"2005","Rhode Island","RI","Female","Considered suicide","H26","17.4468","14.9367","20.2782","1234"
"2005","Rhode Island","RI","Male","Sad or hopeless","H25","17.2197","14.7247","20.0381","1103"
"2005","Rhode Island","RI","Male","Considered suicide","H26","10.7048","7.9885","14.202","1103"
"2005","Rhode Island","RI","Total","Sad or hopeless","H25","25.6741","22.9291","28.6256","2357"
"2005","Rhode Island","RI","Total","Considered suicide","H26","14.0018","11.8386","16.4863","2355"
"2005","South Carolina","SC","Female","Sad or hopeless","H25","33.9253","29.0185","39.2035","672"
"2005","South Carolina","SC","Female","Considered suicide","H26","16.8776","13.338","21.1274","673"
"2005","South Carolina","SC","Male","Sad or hopeless","H25","23.1977","19.5235","27.3286","616"
"2005","South Carolina","SC","Male","Considered suicide","H26","12.8033","10.011","16.2339","610"
"2005","South Carolina","SC","Total","Sad or hopeless","H25","28.5717","25.2692","32.1203","1288"
"2005","South Carolina","SC","Total","Considered suicide","H26","14.877","12.1306","18.1171","1285"
"2005","South Dakota","SD","Female","Sad or hopeless","H25","29.2572","24.9872","33.9269","758"
"2005","South Dakota","SD","Female","Considered suicide","H26","24.5592","19.5774","30.3305","760"
"2005","South Dakota","SD","Male","Sad or hopeless","H25","23.5718","19.1855","28.606","814"
"2005","South Dakota","SD","Male","Considered suicide","H26","13.5877","11.3844","16.1397","820"
"2005","South Dakota","SD","Total","Sad or hopeless","H25","26.4244","22.8142","30.381","1576"
"2005","South Dakota","SD","Total","Considered suicide","H26","19.0717","16.3036","22.1852","1583"
"2005","Tennessee","TN","Female","Sad or hopeless","H25","40.4623","36.0598","45.0239","714"
"2005","Tennessee","TN","Female","Considered suicide","H26","24.6032","21.4992","27.9956","712"
"2005","Tennessee","TN","Male","Sad or hopeless","H25","21.6704","18.0753","25.7556","825"
"2005","Tennessee","TN","Male","Considered suicide","H26","13.2352","10.8364","16.0695","825"
"2005","Tennessee","TN","Total","Sad or hopeless","H25","31.0401","27.9844","34.2708","1540"
"2005","Tennessee","TN","Total","Considered suicide","H26","18.9419","16.9546","21.1029","1538"
"2005","Texas","TX","Female","Sad or hopeless","H25","39.4062","36.8604","42.0108","2148"
"2005","Texas","TX","Female","Considered suicide","H26","21.0075","19.079","23.0754","2148"
"2005","Texas","TX","Male","Sad or hopeless","H25","23.6443","21.2714","26.1939","1959"
"2005","Texas","TX","Male","Considered suicide","H26","10.8398","8.6145","13.5547","1960"
"2005","Texas","TX","Total","Sad or hopeless","H25","31.4209","29.6102","33.29","4116"
"2005","Texas","TX","Total","Considered suicide","H26","15.8552","14.349","17.4873","4117"
"2005","Utah","UT","Female","Sad or hopeless","H25","35.4628","31.5271","39.6057","800"
"2005","Utah","UT","Female","Considered suicide","H26","20.7707","17.2999","24.7295","800"
"2005","Utah","UT","Male","Sad or hopeless","H25","21.2312","17.733","25.2082","738"
"2005","Utah","UT","Male","Considered suicide","H26","11.926","8.7394","16.0699","740"
"2005","Utah","UT","Total","Sad or hopeless","H25","28.1752","25.2503","31.297","1540"
"2005","Utah","UT","Total","Considered suicide","H26","16.245","13.8945","18.9058","1542"
"2005","Vermont","VT","Female","Sad or hopeless","H25","29.8948","26.8249","33.1569","3583"
"2005","Vermont","VT","Male","Sad or hopeless","H25","14.8776","12.6464","17.4239","3535"
"2005","Vermont","VT","Total","Sad or hopeless","H25","22.1956","20.1193","24.4206","7176"
"2005","Wisconsin","WI","Female","Sad or hopeless","H25","33.3488","30.3578","36.4802","1215"
"2005","Wisconsin","WI","Female","Considered suicide","H26","21.8417","18.7858","25.2401","1214"
"2005","Wisconsin","WI","Male","Sad or hopeless","H25","22.1752","19.5162","25.0836","1155"
"2005","Wisconsin","WI","Male","Considered suicide","H26","14.0687","11.7895","16.705","1152"
"2005","Wisconsin","WI","Total","Sad or hopeless","H25","27.569","25.8197","29.3897","2376"
"2005","Wisconsin","WI","Total","Considered suicide","H26","17.82","15.8309","19.9997","2371"
"2005","West Virginia","WV","Female","Sad or hopeless","H25","34.389","31.4011","37.5058","668"
"2005","West Virginia","WV","Female","Considered suicide","H26","21.0121","17.4723","25.0512","669"
"2005","West Virginia","WV","Male","Sad or hopeless","H25","24.7288","21.0813","28.7774","688"
"2005","West Virginia","WV","Male","Considered suicide","H26","12.6549","10.0186","15.8625","687"
"2005","West Virginia","WV","Total","Sad or hopeless","H25","29.613","27.5869","31.7227","1362"
"2005","West Virginia","WV","Total","Considered suicide","H26","16.8807","14.6754","19.3423","1362"
"2005","Wyoming","WY","Female","Sad or hopeless","H25","33.3772","30.2999","36.603","1221"
"2005","Wyoming","WY","Female","Considered suicide","H26","21.8144","19.0596","24.8452","1222"
"2005","Wyoming","WY","Male","Sad or hopeless","H25","19.6294","17.4576","21.9994","1260"
"2005","Wyoming","WY","Male","Considered suicide","H26","13.2724","11.5306","15.2321","1262"
"2005","Wyoming","WY","Total","Sad or hopeless","H25","26.2715","24.1668","28.4906","2486"
"2005","Wyoming","WY","Total","Considered suicide","H26","17.415","15.7496","19.2164","2489"
"2007","Alaska","AK","Female","Sad or hopeless","H25","34.5412","30.3801","38.9533","649"
"2007","Alaska","AK","Female","Considered suicide","H26","20.9039","17.1843","25.1839","650"
"2007","Alaska","AK","Male","Sad or hopeless","H25","19.2177","15.7412","23.2501","653"
"2007","Alaska","AK","Male","Considered suicide","H26","12.088","9.9717","14.5807","654"
"2007","Alaska","AK","Total","Sad or hopeless","H25","26.9028","24.2177","29.7688","1310"
"2007","Alaska","AK","Total","Considered suicide","H26","16.5381","14.3694","18.9616","1312"
"2007","Arkansas","AR","Female","Sad or hopeless","H25","40.898","36.7425","45.1877","846"
"2007","Arkansas","AR","Female","Considered suicide","H26","22.0289","18.9571","25.4423","849"
"2007","Arkansas","AR","Male","Sad or hopeless","H25","22.0602","18.3182","26.3203","739"
"2007","Arkansas","AR","Male","Considered suicide","H26","12.7796","9.983","16.2185","741"
"2007","Arkansas","AR","Total","Sad or hopeless","H25","31.4133","28.4799","34.5031","1591"
"2007","Arkansas","AR","Total","Considered suicide","H26","17.4089","15.4371","19.5743","1596"
"2007","Arizona","AZB","Female","Sad or hopeless","H25","40.6317","35.5248","45.9495","1522"
"2007","Arizona","AZB","Female","Considered suicide","H26","20.0025","16.8359","23.5958","1536"
"2007","Arizona","AZB","Male","Sad or hopeless","H25","24.4144","21.858","27.1658","1489"
"2007","Arizona","AZB","Male","Considered suicide","H26","12.2346","10.4022","14.3381","1509"
"2007","Arizona","AZB","Total","Sad or hopeless","H25","32.5315","29.4488","35.7733","3022"
"2007","Arizona","AZB","Total","Considered suicide","H26","16.102","14.1116","18.3134","3059"
"2007","Connecticut","CT","Female","Sad or hopeless","H25","29.3259","26.8982","31.8771","977"
"2007","Connecticut","CT","Female","Considered suicide","H26","16.5499","14.0145","19.4403","976"
"2007","Connecticut","CT","Male","Sad or hopeless","H25","16.3811","14.3651","18.6185","1054"
"2007","Connecticut","CT","Male","Considered suicide","H26","9.6739","7.9112","11.779","1060"
"2007","Connecticut","CT","Total","Sad or hopeless","H25","22.7516","21.2112","24.3693","2041"
"2007","Connecticut","CT","Total","Considered suicide","H26","13.0903","11.4387","14.9402","2044"
"2007","Delaware","DE","Female","Sad or hopeless","H25","35.6789","32.5191","38.9685","1214"
"2007","Delaware","DE","Female","Considered suicide","H26","12.9388","11.0147","15.1417","1215"
"2007","Delaware","DE","Male","Sad or hopeless","H25","18.4065","16.1657","20.8805","1229"
"2007","Delaware","DE","Male","Considered suicide","H26","9.2168","7.5452","11.2138","1230"
"2007","Delaware","DE","Total","Sad or hopeless","H25","26.8539","24.8764","28.928","2584"
"2007","Delaware","DE","Total","Considered suicide","H26","11.1392","9.7924","12.6453","2586"
"2007","Florida","FL","Female","Sad or hopeless","H25","33.5457","30.9105","36.2876","2328"
"2007","Florida","FL","Female","Considered suicide","H26","13.3715","12.0196","14.8499","2325"
"2007","Florida","FL","Male","Sad or hopeless","H25","17.8079","15.8252","19.9801","2129"
"2007","Florida","FL","Male","Considered suicide","H26","8.8977","7.3926","10.6739","2125"
"2007","Florida","FL","Total","Sad or hopeless","H25","25.6945","24.2275","27.2184","4496"
"2007","Florida","FL","Total","Considered suicide","H26","11.1511","10.3059","12.0564","4489"
"2007","Georgia","GA","Female","Sad or hopeless","H25","37.1024","34.1204","40.1861","1209"
"2007","Georgia","GA","Female","Considered suicide","H26","18.5782","15.616","21.9561","1210"
"2007","Georgia","GA","Male","Sad or hopeless","H25","22.4814","19.8115","25.3971","1233"
"2007","Georgia","GA","Male","Considered suicide","H26","12.4298","10.5091","14.6442","1235"
"2007","Georgia","GA","Total","Sad or hopeless","H25","29.7977","27.9077","31.7594","2447"
"2007","Georgia","GA","Total","Considered suicide","H26","15.5353","13.6747","17.5975","2450"
"2007","Hawaii","HI","Female","Sad or hopeless","H25","39.5839","35.3667","43.962","644"
"2007","Hawaii","HI","Female","Considered suicide","H26","24.2374","19.9765","29.0768","660"
"2007","Hawaii","HI","Male","Sad or hopeless","H25","24.6528","19.1072","31.1873","512"
"2007","Hawaii","HI","Male","Considered suicide","H26","13.2302","9.7684","17.6785","520"
"2007","Hawaii","HI","Total","Sad or hopeless","H25","31.8012","28.0956","35.7524","1158"
"2007","Hawaii","HI","Total","Considered suicide","H26","18.5361","15.5789","21.9089","1182"
"2007","Iowa","IA","Female","Sad or hopeless","H25","27.656","23.0118","32.8376","771"
"2007","Iowa","IA","Female","Considered suicide","H26","14.6712","12.0232","17.7847","771"
"2007","Iowa","IA","Male","Sad or hopeless","H25","16.6902","13.4641","20.5061","664"
"2007","Iowa","IA","Male","Considered suicide","H26","9.8271","7.5463","12.7026","662"
"2007","Iowa","IA","Total","Sad or hopeless","H25","22.1242","19.4273","25.0789","1439"
"2007","Iowa","IA","Total","Considered suicide","H26","12.2888","10.407","14.456","1437"
"2007","Idaho","ID","Female","Sad or hopeless","H25","35.8566","31.8375","40.0847","658"
"2007","Idaho","ID","Female","Considered suicide","H26","22.5769","18.5085","27.2407","656"
"2007","Idaho","ID","Male","Sad or hopeless","H25","19.1028","16.3512","22.1947","770"
"2007","Idaho","ID","Male","Considered suicide","H26","11.7366","9.3083","14.6957","767"
"2007","Idaho","ID","Total","Sad or hopeless","H25","27.3834","24.7364","30.1999","1435"
"2007","Idaho","ID","Total","Considered suicide","H26","17.1347","14.8801","19.652","1430"
"2007","Illinois","IL","Female","Sad or hopeless","H25","34.7324","30.9465","38.7217","1203"
"2007","Illinois","IL","Female","Considered suicide","H26","16.956","14.7397","19.4295","1202"
"2007","Illinois","IL","Male","Sad or hopeless","H25","18.1648","15.5115","21.1583","1210"
"2007","Illinois","IL","Male","Considered suicide","H26","8.9328","7.2329","10.9849","1212"
"2007","Illinois","IL","Total","Sad or hopeless","H25","26.4804","24.0338","29.0808","2420"
"2007","Illinois","IL","Total","Considered suicide","H26","12.9351","11.3595","14.6929","2420"
"2007","Indiana","IN","Female","Sad or hopeless","H25","36.1777","32.2864","40.2591","1222"
"2007","Indiana","IN","Female","Considered suicide","H26","19.1192","15.4887","23.3655","1223"
"2007","Indiana","IN","Male","Sad or hopeless","H25","18.6576","15.7023","22.0237","1073"
"2007","Indiana","IN","Male","Considered suicide","H26","12.3532","9.8522","15.3807","1071"
"2007","Indiana","IN","Total","Sad or hopeless","H25","27.5271","24.3068","30.9992","2321"
"2007","Indiana","IN","Total","Considered suicide","H26","15.7992","13.1626","18.8493","2320"
"2007","Kansas","KS","Female","Sad or hopeless","H25","31.7216","27.7205","36.0124","881"
"2007","Kansas","KS","Female","Considered suicide","H26","16.7537","13.8863","20.0753","882"
"2007","Kansas","KS","Male","Sad or hopeless","H25","18.3224","14.7437","22.5402","840"
"2007","Kansas","KS","Male","Considered suicide","H26","11.2201","8.9464","13.9829","839"
"2007","Kansas","KS","Total","Sad or hopeless","H25","24.9812","21.8518","28.396","1729"
"2007","Kansas","KS","Total","Considered suicide","H26","13.9413","11.9205","16.2414","1729"
"2007","Kentucky","KY","Female","Sad or hopeless","H25","35.9491","32.6987","39.3339","1904"
"2007","Kentucky","KY","Female","Considered suicide","H26","17.8317","15.5847","20.3245","1905"
"2007","Kentucky","KY","Male","Sad or hopeless","H25","23.0696","20.6921","25.6319","1635"
"2007","Kentucky","KY","Male","Considered suicide","H26","12.214","10.6161","14.0147","1630"
"2007","Kentucky","KY","Total","Sad or hopeless","H25","29.422","27.1611","31.7889","3553"
"2007","Kentucky","KY","Total","Considered suicide","H26","15.076","13.6654","16.6042","3546"
"2007","Louisiana","LA","Female","Sad or hopeless","H25","40.0025","36.507","43.6028","698"
"2007","Louisiana","LA","Female","Considered suicide","H26","17.7313","13.7278","22.5965","704"
"2007","Louisiana","LA","Male","Sad or hopeless","H25","20.3336","17.3978","23.6233","614"
"2007","Louisiana","LA","Male","Considered suicide","H26","10.4684","8.2781","13.155","615"
"2007","Louisiana","LA","Total","Sad or hopeless","H25","30.6438","27.243","34.2693","1321"
"2007","Louisiana","LA","Total","Considered suicide","H26","14.1919","11.3185","17.6497","1329"
"2007","Massachusetts","MA","Female","Sad or hopeless","H25","31.1124","28.3417","34.0253","1584"
"2007","Massachusetts","MA","Female","Considered suicide","H26","15.6144","13.3293","18.2088","1596"
"2007","Massachusetts","MA","Male","Sad or hopeless","H25","16.8228","14.5869","19.3237","1497"
"2007","Massachusetts","MA","Male","Considered suicide","H26","9.1853","7.5445","11.14","1513"
"2007","Massachusetts","MA","Total","Sad or hopeless","H25","23.9501","22.0171","25.9963","3090"
"2007","Massachusetts","MA","Total","Considered suicide","H26","12.4599","10.883","14.2288","3117"
"2007","Maryland","MD","Female","Sad or hopeless","H25","30.721","26.6866","35.0734","790"
"2007","Maryland","MD","Female","Considered suicide","H26","15.7823","12.469","19.777","787"
"2007","Maryland","MD","Male","Sad or hopeless","H25","15.5429","12.87","18.652","719"
"2007","Maryland","MD","Male","Considered suicide","H26","10.3434","8.313","12.8004","718"
"2007","Maryland","MD","Total","Sad or hopeless","H25","23.1806","20.7363","25.8192","1516"
"2007","Maryland","MD","Total","Considered suicide","H26","13.1592","11.1486","15.4692","1512"
"2007","Maine","ME","Female","Sad or hopeless","H25","27.9392","23.9684","32.2885","675"
"2007","Maine","ME","Female","Considered suicide","H26","13.1002","10.1893","16.6883","679"
"2007","Maine","ME","Male","Sad or hopeless","H25","16.3957","12.8936","20.6238","616"
"2007","Maine","ME","Male","Considered suicide","H26","9.2495","7.3428","11.5894","622"
"2007","Maine","ME","Total","Sad or hopeless","H25","22.176","19.0393","25.6656","1297"
"2007","Maine","ME","Total","Considered suicide","H26","11.1665","9.1005","13.6312","1307"
"2007","Michigan","MI","Female","Sad or hopeless","H25","34.1528","30.2205","38.3158","1715"
"2007","Michigan","MI","Female","Considered suicide","H26","19.7487","16.3408","23.6663","1711"
"2007","Michigan","MI","Male","Sad or hopeless","H25","19.6684","17.5148","22.0162","1789"
"2007","Michigan","MI","Male","Considered suicide","H26","10.7826","9.0432","12.8096","1781"
"2007","Michigan","MI","Total","Sad or hopeless","H25","26.8521","24.5887","29.2431","3510"
"2007","Michigan","MI","Total","Considered suicide","H26","15.3196","13.1906","17.7219","3499"
"2007","Missouri","MO","Female","Sad or hopeless","H25","29.4884","25.5319","33.7798","793"
"2007","Missouri","MO","Female","Considered suicide","H26","19.3612","16.319","22.8158","794"
"2007","Missouri","MO","Male","Sad or hopeless","H25","17.5006","14.4551","21.0299","752"
"2007","Missouri","MO","Male","Considered suicide","H26","10.545","7.4851","14.6576","751"
"2007","Missouri","MO","Total","Sad or hopeless","H25","23.5997","21.1145","26.2801","1559"
"2007","Missouri","MO","Total","Considered suicide","H26","14.8104","12.1918","17.8769","1559"
"2007","Mississippi","MS","Female","Sad or hopeless","H25","36.8021","32.073","41.7995","863"
"2007","Mississippi","MS","Female","Considered suicide","H26","17.0055","13.2029","21.6303","861"
"2007","Mississippi","MS","Male","Sad or hopeless","H25","19.1166","15.5122","23.3273","733"
"2007","Mississippi","MS","Male","Considered suicide","H26","9.3479","7.534","11.5439","732"
"2007","Mississippi","MS","Total","Sad or hopeless","H25","28.1589","24.7862","31.7965","1611"
"2007","Mississippi","MS","Total","Considered suicide","H26","13.446","11.4745","15.6961","1608"
"2007","Montana","MT","Female","Sad or hopeless","H25","33.9605","31.8927","36.0913","2006"
"2007","Montana","MT","Female","Considered suicide","H26","19.2911","17.301","21.4508","2004"
"2007","Montana","MT","Male","Sad or hopeless","H25","17.7438","15.0724","20.7729","1968"
"2007","Montana","MT","Male","Considered suicide","H26","11.0137","9.5569","12.6615","1978"
"2007","Montana","MT","Total","Sad or hopeless","H25","25.7542","23.7976","27.8128","3997"
"2007","Montana","MT","Total","Considered suicide","H26","15.1452","13.9231","16.4541","4006"
"2007","North Carolina","NC","Female","Sad or hopeless","H25","32.4308","29.0627","35.9912","1689"
"2007","North Carolina","NC","Female","Considered suicide","H26","15.7693","12.9389","19.0832","1708"
"2007","North Carolina","NC","Male","Sad or hopeless","H25","21.5218","19.7586","23.3964","1742"
"2007","North Carolina","NC","Male","Considered suicide","H26","9.2212","7.9497","10.6725","1767"
"2007","North Carolina","NC","Total","Sad or hopeless","H25","26.9301","25.0845","28.8592","3438"
"2007","North Carolina","NC","Total","Considered suicide","H26","12.4799","10.8194","14.3543","3480"
"2007","North Dakota","ND","Female","Sad or hopeless","H25","23.1831","19.8145","26.9319","876"
"2007","North Dakota","ND","Female","Considered suicide","H26","12.7867","10.6004","15.3464","875"
"2007","North Dakota","ND","Male","Sad or hopeless","H25","11.3881","9.0601","14.2206","874"
"2007","North Dakota","ND","Male","Considered suicide","H26","8.1582","6.2351","10.6074","875"
"2007","North Dakota","ND","Total","Sad or hopeless","H25","17.1481","15.0118","19.5186","1756"
"2007","North Dakota","ND","Total","Considered suicide","H26","10.3859","8.7454","12.2926","1755"
"2007","New Hampshire","NH","Female","Sad or hopeless","H25","32.2011","28.3159","36.349","819"
"2007","New Hampshire","NH","Female","Considered suicide","H26","17.1885","14.5496","20.1929","815"
"2007","New Hampshire","NH","Male","Sad or hopeless","H25","17.437","14.8534","20.3626","814"
"2007","New Hampshire","NH","Male","Considered suicide","H26","10.3674","8.0368","13.2764","812"
"2007","New Hampshire","NH","Total","Sad or hopeless","H25","24.6454","22.4213","27.0132","1637"
"2007","New Hampshire","NH","Total","Considered suicide","H26","13.6896","12.0792","15.477","1631"
"2007","New Mexico","NM","Female","Sad or hopeless","H25","39.6527","36.4425","42.9545","1315"
"2007","New Mexico","NM","Female","Considered suicide","H26","23.0268","19.8669","26.5229","1327"
"2007","New Mexico","NM","Male","Sad or hopeless","H25","21.7673","19.1197","24.6695","1254"
"2007","New Mexico","NM","Male","Considered suicide","H26","15.4149","13.4057","17.6638","1267"
"2007","New Mexico","NM","Total","Sad or hopeless","H25","30.7952","28.2966","33.4116","2593"
"2007","New Mexico","NM","Total","Considered suicide","H26","19.2925","17.9299","20.7324","2617"
"2007","Nevada","NV","Female","Sad or hopeless","H25","35.1907","31.4222","39.1532","935"
"2007","Nevada","NV","Female","Considered suicide","H26","19.0734","16.2783","22.2211","947"
"2007","Nevada","NV","Male","Sad or hopeless","H25","17.4699","14.9814","20.2731","812"
"2007","Nevada","NV","Male","Considered suicide","H26","9.8034","8.0692","11.8622","819"
"2007","Nevada","NV","Total","Sad or hopeless","H25","26.111","23.8084","28.5528","1751"
"2007","Nevada","NV","Total","Considered suicide","H26","14.3111","12.7161","16.0693","1770"
"2007","New York","NY","Female","Sad or hopeless","H25","33.4588","31.0725","35.933","6719"
"2007","New York","NY","Female","Considered suicide","H26","15.1089","12.7981","17.7519","6770"
"2007","New York","NY","Male","Sad or hopeless","H25","18.1323","16.0556","20.4123","6456"
"2007","New York","NY","Male","Considered suicide","H26","8.9768","7.3092","10.9799","6528"
"2007","New York","NY","Total","Sad or hopeless","H25","25.8226","24.1348","27.5855","13220"
"2007","New York","NY","Total","Considered suicide","H26","12.0863","10.4204","13.9769","13349"
"2007","Ohio","OH","Female","Sad or hopeless","H25","30.3954","26.0407","35.1324","1290"
"2007","Ohio","OH","Female","Considered suicide","H26","16.0194","12.9975","19.5857","1303"
"2007","Ohio","OH","Male","Sad or hopeless","H25","19.9697","17.2197","23.0366","1182"
"2007","Ohio","OH","Male","Considered suicide","H26","10.6394","8.6446","13.029","1188"
"2007","Ohio","OH","Total","Sad or hopeless","H25","25.096","22.2856","28.1325","2481"
"2007","Ohio","OH","Total","Considered suicide","H26","13.441","11.3296","15.8756","2503"
"2007","Oklahoma","OK","Female","Sad or hopeless","H25","32.7115","29.5549","36.0327","1335"
"2007","Oklahoma","OK","Female","Considered suicide","H26","16.8649","14.0962","20.0506","1335"
"2007","Oklahoma","OK","Male","Sad or hopeless","H25","18.9609","15.6729","22.7526","1260"
"2007","Oklahoma","OK","Male","Considered suicide","H26","10.9572","9.5254","12.5743","1260"
"2007","Oklahoma","OK","Total","Sad or hopeless","H25","25.7124","23.2741","28.3119","2610"
"2007","Oklahoma","OK","Total","Considered suicide","H26","13.8772","12.3968","15.5032","2610"
"2007","Rhode Island","RI","Female","Sad or hopeless","H25","29.3531","25.6582","33.3414","1102"
"2007","Rhode Island","RI","Female","Considered suicide","H26","14.5194","12.1867","17.2111","1102"
"2007","Rhode Island","RI","Male","Sad or hopeless","H25","17.7658","14.5924","21.4559","1083"
"2007","Rhode Island","RI","Male","Considered suicide","H26","9.4217","7.2101","12.2224","1078"
"2007","Rhode Island","RI","Total","Sad or hopeless","H25","23.6212","20.7919","26.7058","2190"
"2007","Rhode Island","RI","Total","Considered suicide","H26","12.0514","10.3159","14.0331","2185"
"2007","South Carolina","SC","Female","Sad or hopeless","H25","31.6976","28.5086","35.0683","693"
"2007","South Carolina","SC","Female","Considered suicide","H26","17.6157","15.6343","19.7892","695"
"2007","South Carolina","SC","Male","Sad or hopeless","H25","23.301","20.4651","26.3995","538"
"2007","South Carolina","SC","Male","Considered suicide","H26","12.5165","10.1262","15.3746","538"
"2007","South Carolina","SC","Total","Sad or hopeless","H25","27.4552","25.3701","29.6437","1231"
"2007","South Carolina","SC","Total","Considered suicide","H26","15.069","13.4918","16.7947","1235"
"2007","South Dakota","SD","Female","Sad or hopeless","H25","30.7582","26.1569","35.7769","776"
"2007","South Dakota","SD","Female","Considered suicide","H26","22.8797","18.8199","27.5185","777"
"2007","South Dakota","SD","Male","Sad or hopeless","H25","16.0839","13.8027","18.6605","814"
"2007","South Dakota","SD","Male","Considered suicide","H26","13.5132","11.3067","16.0722","813"
"2007","South Dakota","SD","Total","Sad or hopeless","H25","23.361","20.5621","26.4142","1593"
"2007","South Dakota","SD","Total","Considered suicide","H26","18.2805","16.1079","20.6739","1594"
"2007","Tennessee","TN","Female","Sad or hopeless","H25","34.8355","30.1148","39.8741","1061"
"2007","Tennessee","TN","Female","Considered suicide","H26","16.6671","13.3939","20.5504","1061"
"2007","Tennessee","TN","Male","Sad or hopeless","H25","19.0468","15.9831","22.5402","998"
"2007","Tennessee","TN","Male","Considered suicide","H26","11.6472","8.8727","15.1451","997"
"2007","Tennessee","TN","Total","Sad or hopeless","H25","26.8297","23.6983","30.2111","2066"
"2007","Tennessee","TN","Total","Considered suicide","H26","14.0698","11.5425","17.0438","2065"
"2007","Texas","TX","Female","Sad or hopeless","H25","38.8926","35.9264","41.9434","1567"
"2007","Texas","TX","Female","Considered suicide","H26","19.6163","17.5834","21.8221","1566"
"2007","Texas","TX","Male","Sad or hopeless","H25","22.4263","19.5025","25.6488","1598"
"2007","Texas","TX","Male","Considered suicide","H26","10.8274","9.1744","12.7364","1598"
"2007","Texas","TX","Total","Sad or hopeless","H25","30.5434","28.3394","32.8402","3166"
"2007","Texas","TX","Total","Considered suicide","H26","15.1588","14.0483","16.3405","3165"
"2007","Utah","UT","Female","Sad or hopeless","H25","29.8475","25.2091","34.9406","971"
"2007","Utah","UT","Female","Considered suicide","H26","15.8022","12.1814","20.2511","980"
"2007","Utah","UT","Male","Sad or hopeless","H25","22.1536","18.7079","26.0308","951"
"2007","Utah","UT","Male","Considered suicide","H26","15.3629","9.6157","23.6462","978"
"2007","Utah","UT","Total","Sad or hopeless","H25","25.9048","22.196","29.9944","1926"
"2007","Utah","UT","Total","Considered suicide","H26","15.564","12.5613","19.1274","1962"
"2007","Vermont","VT","Female","Sad or hopeless","H25","27.7417","23.398","32.5491","3342"
"2007","Vermont","VT","Male","Sad or hopeless","H25","14.6478","12.516","17.0719","3299"
"2007","Vermont","VT","Total","Sad or hopeless","H25","20.9039","17.9133","24.2462","6744"
"2007","Wisconsin","WI","Female","Sad or hopeless","H25","29.5896","26.8394","32.4964","1020"
"2007","Wisconsin","WI","Female","Considered suicide","H26","20.1005","16.6656","24.0392","1029"
"2007","Wisconsin","WI","Male","Sad or hopeless","H25","15.6334","12.9719","18.7236","1052"
"2007","Wisconsin","WI","Male","Considered suicide","H26","10.08","8.1671","12.3805","1060"
"2007","Wisconsin","WI","Total","Sad or hopeless","H25","22.4153","20.2819","24.7036","2073"
"2007","Wisconsin","WI","Total","Considered suicide","H26","14.9552","13.0903","17.0338","2090"
"2007","West Virginia","WV","Female","Sad or hopeless","H25","40.9439","35.6098","46.5","733"
"2007","West Virginia","WV","Female","Considered suicide","H26","19.8091","15.9238","24.3675","735"
"2007","West Virginia","WV","Male","Sad or hopeless","H25","20.5381","16.9897","24.608","648"
"2007","West Virginia","WV","Male","Considered suicide","H26","12.2926","9.6322","15.5612","646"
"2007","West Virginia","WV","Total","Sad or hopeless","H25","30.6671","27.0005","34.5957","1388"
"2007","West Virginia","WV","Total","Considered suicide","H26","16.0344","13.6323","18.7678","1387"
"2007","Wyoming","WY","Female","Sad or hopeless","H25","35.75","32.2548","39.4038","1109"
"2007","Wyoming","WY","Female","Considered suicide","H26","21.7635","18.668","25.2132","1107"
"2007","Wyoming","WY","Male","Sad or hopeless","H25","21.2595","18.944","23.7751","1112"
"2007","Wyoming","WY","Male","Considered suicide","H26","13.9457","12.0265","16.1151","1106"
"2007","Wyoming","WY","Total","Sad or hopeless","H25","28.222","25.9855","30.5714","2233"
"2007","Wyoming","WY","Total","Considered suicide","H26","17.7549","15.7407","19.9658","2223"
"2009","Alaska","AK","Female","Sad or hopeless","H25","33.5364","29.5561","37.7654","718"
"2009","Alaska","AK","Female","Considered suicide","H26","19.5053","16.0305","23.5224","716"
"2009","Alaska","AK","Male","Sad or hopeless","H25","17.2096","14.0155","20.9541","637"
"2009","Alaska","AK","Male","Considered suicide","H26","8.3116","6.095","11.2379","635"
"2009","Alaska","AK","Total","Sad or hopeless","H25","25.2018","22.3684","28.2635","1362"
"2009","Alaska","AK","Total","Considered suicide","H26","13.8942","11.4061","16.8222","1361"
"2009","Alabama","AL","Female","Sad or hopeless","H25","34.4641","30.5343","38.6184","810"
"2009","Alabama","AL","Female","Considered suicide","H26","18.4531","14.3872","23.3546","803"
"2009","Alabama","AL","Male","Sad or hopeless","H25","22.7998","19.1916","26.8609","685"
"2009","Alabama","AL","Male","Considered suicide","H26","16.1013","13.5484","19.0293","685"
"2009","Alabama","AL","Total","Sad or hopeless","H25","28.636","25.7071","31.7561","1501"
"2009","Alabama","AL","Total","Considered suicide","H26","17.3503","14.8458","20.1772","1498"
"2009","Arkansas","AR","Female","Sad or hopeless","H25","35.2845","30.0973","40.8434","823"
"2009","Arkansas","AR","Female","Considered suicide","H26","21.1278","16.1636","27.1234","827"
"2009","Arkansas","AR","Male","Sad or hopeless","H25","21.0419","17.2445","25.4185","828"
"2009","Arkansas","AR","Male","Considered suicide","H26","14.8227","11.8956","18.3204","820"
"2009","Arkansas","AR","Total","Sad or hopeless","H25","28.1111","24.4868","32.0441","1661"
"2009","Arkansas","AR","Total","Considered suicide","H26","17.9818","14.7323","21.7652","1658"
"2009","Arizona","AZB","Female","Sad or hopeless","H25","40.9837","36.8663","45.2316","1250"
"2009","Arizona","AZB","Female","Considered suicide","H26","21.1414","18.1944","24.4231","1248"
"2009","Arizona","AZB","Male","Sad or hopeless","H25","28.9339","26.0196","32.0334","1317"
"2009","Arizona","AZB","Male","Considered suicide","H26","13.2522","11.2941","15.4906","1313"
"2009","Arizona","AZB","Total","Sad or hopeless","H25","34.9313","32.1451","37.8244","2577"
"2009","Arizona","AZB","Total","Considered suicide","H26","17.2648","15.3446","19.3702","2572"
"2009","Colorado","CO","Female","Sad or hopeless","H25","31.7008","27.6987","35.9934","783"
"2009","Colorado","CO","Female","Considered suicide","H26","17.93","15.4047","20.7677","782"
"2009","Colorado","CO","Male","Sad or hopeless","H25","19.2904","15.4067","23.8766","720"
"2009","Colorado","CO","Male","Considered suicide","H26","9.681","7.6832","12.13","720"
"2009","Colorado","CO","Total","Sad or hopeless","H25","25.3827","22.7625","28.1944","1508"
"2009","Colorado","CO","Total","Considered suicide","H26","13.7388","12.2724","15.3498","1508"
"2009","Connecticut","CT","Female","Sad or hopeless","H25","32.8804","29.5406","36.4028","1228"
"2009","Connecticut","CT","Female","Considered suicide","H26","16.5525","13.4477","20.2068","1244"
"2009","Connecticut","CT","Male","Sad or hopeless","H25","17.1999","14.3819","20.4383","1100"
"2009","Connecticut","CT","Male","Considered suicide","H26","11.7242","9.4129","14.5122","1125"
"2009","Connecticut","CT","Total","Sad or hopeless","H25","25.0252","22.2735","27.9944","2332"
"2009","Connecticut","CT","Total","Considered suicide","H26","14.125","12.3343","16.1279","2373"
"2009","Delaware","DE","Female","Sad or hopeless","H25","32.8271","29.6685","36.1491","1127"
"2009","Delaware","DE","Female","Considered suicide","H26","17.166","14.5287","20.1691","1117"
"2009","Delaware","DE","Male","Sad or hopeless","H25","20.2215","17.7564","22.9333","1232"
"2009","Delaware","DE","Male","Considered suicide","H26","9.8008","7.8559","12.1636","1227"
"2009","Delaware","DE","Total","Sad or hopeless","H25","26.5238","24.729","28.3998","2378"
"2009","Delaware","DE","Total","Considered suicide","H26","13.5378","11.9852","15.2568","2363"
"2009","Florida","FL","Female","Sad or hopeless","H25","33.0454","31.4449","34.6862","2820"
"2009","Florida","FL","Female","Considered suicide","H26","13.8402","12.5761","15.2093","2811"
"2009","Florida","FL","Male","Sad or hopeless","H25","19.6277","18.1994","21.1392","2688"
"2009","Florida","FL","Male","Considered suicide","H26","9.2399","8.131","10.4827","2688"
"2009","Florida","FL","Total","Sad or hopeless","H25","26.2519","25.1838","27.3488","5579"
"2009","Florida","FL","Total","Considered suicide","H26","11.617","10.652","12.6571","5571"
"2009","Georgia","GA","Female","Sad or hopeless","H25","35.9313","32.9941","38.9778","981"
"2009","Georgia","GA","Female","Considered suicide","H26","17.4736","14.9118","20.37","985"
"2009","Georgia","GA","Male","Sad or hopeless","H25","21.5897","18.6018","24.9105","871"
"2009","Georgia","GA","Male","Considered suicide","H26","9.8782","7.9121","12.2677","874"
"2009","Georgia","GA","Total","Sad or hopeless","H25","28.8271","26.9815","30.7458","1856"
"2009","Georgia","GA","Total","Considered suicide","H26","13.6809","12.1556","15.3642","1863"
"2009","Hawaii","HI","Female","Sad or hopeless","H25","39.0153","33.1958","45.1653","782"
"2009","Hawaii","HI","Female","Considered suicide","H26","25.2492","20.1989","31.0706","793"
"2009","Hawaii","HI","Male","Sad or hopeless","H25","22.8625","18.8379","27.456","669"
"2009","Hawaii","HI","Male","Considered suicide","H26","12.914","10.3804","15.9559","688"
"2009","Hawaii","HI","Total","Sad or hopeless","H25","30.5975","25.9492","35.6773","1457"
"2009","Hawaii","HI","Total","Considered suicide","H26","18.8622","15.9153","22.2105","1490"
"2009","Idaho","ID","Female","Sad or hopeless","H25","36.1643","32.6851","39.795","1086"
"2009","Idaho","ID","Female","Considered suicide","H26","17.4308","14.6754","20.5786","1085"
"2009","Idaho","ID","Male","Sad or hopeless","H25","20.918","18.2753","23.8315","1073"
"2009","Idaho","ID","Male","Considered suicide","H26","10.9066","8.9815","13.1845","1071"
"2009","Idaho","ID","Total","Sad or hopeless","H25","28.3237","26.1022","30.6557","2161"
"2009","Idaho","ID","Total","Considered suicide","H26","14.1516","12.3262","16.1975","2158"
"2009","Illinois","IL","Female","Sad or hopeless","H25","32.9362","27.7244","38.6045","1554"
"2009","Illinois","IL","Female","Considered suicide","H26","17.5936","14.4962","21.1888","1563"
"2009","Illinois","IL","Male","Sad or hopeless","H25","22.9203","20.2292","25.8534","1439"
"2009","Illinois","IL","Male","Considered suicide","H26","11.4932","9.9851","13.1957","1450"
"2009","Illinois","IL","Total","Sad or hopeless","H25","27.792","24.4978","31.3452","3006"
"2009","Illinois","IL","Total","Considered suicide","H26","14.5469","12.9281","16.3303","3028"
"2009","Indiana","IN","Female","Sad or hopeless","H25","37.0442","32.9503","41.3332","750"
"2009","Indiana","IN","Female","Considered suicide","H26","22.4282","19.9141","25.16","750"
"2009","Indiana","IN","Male","Sad or hopeless","H25","19.6106","16.398","23.2774","760"
"2009","Indiana","IN","Male","Considered suicide","H26","12.2106","10.3343","14.3731","760"
"2009","Indiana","IN","Total","Sad or hopeless","H25","28.1152","25.2645","31.1536","1513"
"2009","Indiana","IN","Total","Considered suicide","H26","17.1882","15.9599","18.4902","1513"
"2009","Kansas","KS","Female","Sad or hopeless","H25","27.9752","24.7562","31.4378","1013"
"2009","Kansas","KS","Female","Considered suicide","H26","16.4675","13.8944","19.4098","1014"
"2009","Kansas","KS","Male","Sad or hopeless","H25","15.3543","13.6933","17.1767","1005"
"2009","Kansas","KS","Male","Considered suicide","H26","8.9668","6.956","11.4871","1004"
"2009","Kansas","KS","Total","Sad or hopeless","H25","21.5088","19.9429","23.1621","2022"
"2009","Kansas","KS","Total","Considered suicide","H26","12.6088","10.8416","14.617","2022"
"2009","Kentucky","KY","Female","Sad or hopeless","H25","32.0915","28.0838","36.3819","914"
"2009","Kentucky","KY","Female","Considered suicide","H26","16.8932","13.5963","20.7972","914"
"2009","Kentucky","KY","Male","Sad or hopeless","H25","21.6998","18.5649","25.2003","839"
"2009","Kentucky","KY","Male","Considered suicide","H26","12.3725","10.1607","14.9855","842"
"2009","Kentucky","KY","Total","Sad or hopeless","H25","26.7254","23.8088","29.8592","1757"
"2009","Kentucky","KY","Total","Considered suicide","H26","14.5752","12.3189","17.1637","1761"
"2009","Louisiana","LA","Female","Sad or hopeless","H25","35.5209","32.9141","38.2165","602"
"2009","Louisiana","LA","Female","Considered suicide","H26","15.0907","12.2788","18.4113","602"
"2009","Louisiana","LA","Male","Sad or hopeless","H25","26.0504","22.6332","29.785","404"
"2009","Louisiana","LA","Male","Considered suicide","H26","13.117","8.5141","19.6733","408"
"2009","Louisiana","LA","Total","Sad or hopeless","H25","31.2091","28.6708","33.8653","1010"
"2009","Louisiana","LA","Total","Considered suicide","H26","14.3929","11.0783","18.4931","1015"
"2009","Massachusetts","MA","Female","Sad or hopeless","H25","29.0504","25.6041","32.7563","1317"
"2009","Massachusetts","MA","Female","Considered suicide","H26","15.7343","13.2938","18.527","1326"
"2009","Massachusetts","MA","Male","Sad or hopeless","H25","19.1693","17.4909","20.9679","1344"
"2009","Massachusetts","MA","Male","Considered suicide","H26","11.1275","9.4703","13.033","1357"
"2009","Massachusetts","MA","Total","Sad or hopeless","H25","24.0272","21.8769","26.3177","2666"
"2009","Massachusetts","MA","Total","Considered suicide","H26","13.495","11.931","15.2286","2689"
"2009","Maryland","MD","Female","Sad or hopeless","H25","30.1177","27.0661","33.3561","850"
"2009","Maryland","MD","Female","Considered suicide","H26","17.4438","13.7033","21.9456","849"
"2009","Maryland","MD","Male","Sad or hopeless","H25","20.1647","16.5173","24.3823","784"
"2009","Maryland","MD","Male","Considered suicide","H26","11.3088","9.2496","13.7569","781"
"2009","Maryland","MD","Total","Sad or hopeless","H25","25.1346","22.363","28.1252","1639"
"2009","Maryland","MD","Total","Considered suicide","H26","14.5077","12.1299","17.26","1635"
"2009","Maine","ME","Female","Sad or hopeless","H25","26.8576","25.4408","28.3232","4403"
"2009","Maine","ME","Female","Considered suicide","H26","13.9493","12.8406","15.1371","4479"
"2009","Maine","ME","Male","Sad or hopeless","H25","18.5304","17.364","19.7564","4354"
"2009","Maine","ME","Male","Considered suicide","H26","10.5001","9.545","11.5387","4422"
"2009","Maine","ME","Total","Sad or hopeless","H25","22.6525","21.7335","23.5987","8886"
"2009","Maine","ME","Total","Considered suicide","H26","12.205","11.4623","12.9887","9025"
"2009","Michigan","MI","Female","Sad or hopeless","H25","34.6679","31.3607","38.1301","1626"
"2009","Michigan","MI","Female","Considered suicide","H26","19.2464","17.0983","21.594","1619"
"2009","Michigan","MI","Male","Sad or hopeless","H25","20.2501","17.9662","22.7437","1745"
"2009","Michigan","MI","Male","Considered suicide","H26","12.7989","11.2418","14.5364","1741"
"2009","Michigan","MI","Total","Sad or hopeless","H25","27.3774","24.9841","29.9086","3379"
"2009","Michigan","MI","Total","Considered suicide","H26","15.9969","14.3288","17.8187","3368"
"2009","Missouri","MO","Female","Sad or hopeless","H25","33.2199","27.9165","38.9859","836"
"2009","Missouri","MO","Female","Considered suicide","H26","20.5524","17.0701","24.535","836"
"2009","Missouri","MO","Male","Sad or hopeless","H25","21.2649","18.188","24.705","780"
"2009","Missouri","MO","Male","Considered suicide","H26","10.568","8.3201","13.3348","779"
"2009","Missouri","MO","Total","Sad or hopeless","H25","27.0683","23.9313","30.452","1621"
"2009","Missouri","MO","Total","Considered suicide","H26","15.4099","13.4242","17.6295","1620"
"2009","Mississippi","MS","Female","Sad or hopeless","H25","36.3327","32.9481","39.8583","925"
"2009","Mississippi","MS","Female","Considered suicide","H26","18.9659","16.7311","21.4224","924"
"2009","Mississippi","MS","Male","Sad or hopeless","H25","21.7635","18.9671","24.8459","861"
"2009","Mississippi","MS","Male","Considered suicide","H26","11.8563","9.9223","14.1083","863"
"2009","Mississippi","MS","Total","Sad or hopeless","H25","29.0394","26.3437","31.8915","1792"
"2009","Mississippi","MS","Total","Considered suicide","H26","15.398","14.0588","16.8399","1793"
"2009","Montana","MT","Female","Sad or hopeless","H25","33.1714","29.2467","37.3448","903"
"2009","Montana","MT","Female","Considered suicide","H26","20.2811","17.5092","23.3676","903"
"2009","Montana","MT","Male","Sad or hopeless","H25","21.6971","18.8087","24.8932","930"
"2009","Montana","MT","Male","Considered suicide","H26","14.6435","11.6369","18.2663","931"
"2009","Montana","MT","Total","Sad or hopeless","H25","27.297","24.3817","30.4207","1843"
"2009","Montana","MT","Total","Considered suicide","H26","17.4408","14.8734","20.3455","1844"
"2009","North Carolina","NC","Female","Sad or hopeless","H25","32.7814","30.5661","35.0762","2896"
"2009","North Carolina","NC","Female","Considered suicide","H26","16.1079","14.1947","18.2243","2888"
"2009","North Carolina","NC","Male","Sad or hopeless","H25","21.5987","19.838","23.47","2721"
"2009","North Carolina","NC","Male","Considered suicide","H26","10.282","8.7404","12.0597","2734"
"2009","North Carolina","NC","Total","Sad or hopeless","H25","27.3953","25.8767","28.9682","5635"
"2009","North Carolina","NC","Total","Considered suicide","H26","13.2489","12.0331","14.5671","5639"
"2009","North Dakota","ND","Female","Sad or hopeless","H25","30.5955","26.8898","34.5705","917"
"2009","North Dakota","ND","Female","Considered suicide","H26","15.9534","13.4888","18.7705","916"
"2009","North Dakota","ND","Male","Sad or hopeless","H25","15.6296","13.3815","18.176","909"
"2009","North Dakota","ND","Male","Considered suicide","H26","8.8186","7.005","11.0459","907"
"2009","North Dakota","ND","Total","Sad or hopeless","H25","22.8899","20.5465","25.4151","1834"
"2009","North Dakota","ND","Total","Considered suicide","H26","12.3717","10.8283","14.1004","1831"
"2009","New Hampshire","NH","Female","Sad or hopeless","H25","32.1368","28.3437","36.1813","681"
"2009","New Hampshire","NH","Female","Considered suicide","H26","13.7905","10.6538","17.6681","678"
"2009","New Hampshire","NH","Male","Sad or hopeless","H25","18.4032","15.373","21.8763","801"
"2009","New Hampshire","NH","Male","Considered suicide","H26","10.2414","7.8304","13.2877","795"
"2009","New Hampshire","NH","Total","Sad or hopeless","H25","25.0921","22.7808","27.5542","1491"
"2009","New Hampshire","NH","Total","Considered suicide","H26","12.0508","10.0258","14.4192","1482"
"2009","New Mexico","NM","Female","Sad or hopeless","H25","37.3057","35.1434","39.5199","2517"
"2009","New Mexico","NM","Female","Considered suicide","H26","20.0152","17.674","22.5815","2512"
"2009","New Mexico","NM","Male","Sad or hopeless","H25","22.3469","19.8825","25.0213","2500"
"2009","New Mexico","NM","Male","Considered suicide","H26","11.8635","9.6953","14.4391","2501"
"2009","New Mexico","NM","Total","Sad or hopeless","H25","29.7261","28.0159","31.4949","5033"
"2009","New Mexico","NM","Total","Considered suicide","H26","15.9042","14.0452","17.9577","5029"
"2009","Nevada","NV","Female","Sad or hopeless","H25","37.9045","34.5886","41.3373","1113"
"2009","Nevada","NV","Female","Considered suicide","H26","23.3865","20.5332","26.504","1112"
"2009","Nevada","NV","Male","Sad or hopeless","H25","22.96","19.941","26.2859","963"
"2009","Nevada","NV","Male","Considered suicide","H26","12.843","10.7134","15.3232","958"
"2009","Nevada","NV","Total","Sad or hopeless","H25","30.2958","27.7723","32.944","2080"
"2009","Nevada","NV","Total","Considered suicide","H26","18.0396","16.0357","20.2336","2074"
"2009","New York","NY","Female","Sad or hopeless","H25","28.3108","25.7744","30.9926","7841"
"2009","New York","NY","Female","Considered suicide","H26","15.0556","13.3525","16.9334","7807"
"2009","New York","NY","Male","Sad or hopeless","H25","16.5347","14.4008","18.9149","6801"
"2009","New York","NY","Male","Considered suicide","H26","11.0173","9.3629","12.9224","6776"
"2009","New York","NY","Total","Sad or hopeless","H25","22.5716","20.664","24.6007","14656"
"2009","New York","NY","Total","Considered suicide","H26","13.2751","11.8025","14.9004","14596"
"2009","Oklahoma","OK","Female","Sad or hopeless","H25","36.7896","31.1608","42.8029","705"
"2009","Oklahoma","OK","Female","Considered suicide","H26","20.8125","16.33","26.141","705"
"2009","Oklahoma","OK","Male","Sad or hopeless","H25","20.0609","16.3079","24.4256","701"
"2009","Oklahoma","OK","Male","Considered suicide","H26","9.3009","6.698","12.7767","701"
"2009","Oklahoma","OK","Total","Sad or hopeless","H25","28.1802","24.651","32","1410"
"2009","Oklahoma","OK","Total","Considered suicide","H26","14.8821","12.2084","18.0213","1411"
"2009","Pennsylvania","PA","Female","Sad or hopeless","H25","31.5465","28.1717","35.1278","1045"
"2009","Pennsylvania","PA","Female","Considered suicide","H26","18.8876","16.2027","21.9012","1044"
"2009","Pennsylvania","PA","Male","Sad or hopeless","H25","15.7856","12.8604","19.2293","1018"
"2009","Pennsylvania","PA","Male","Considered suicide","H26","8.271","6.4982","10.4734","1022"
"2009","Pennsylvania","PA","Total","Sad or hopeless","H25","23.5027","20.7877","26.4539","2073"
"2009","Pennsylvania","PA","Total","Considered suicide","H26","13.4656","11.9746","15.1104","2076"
"2009","Rhode Island","RI","Female","Sad or hopeless","H25","29.5172","25.9166","33.3925","1690"
"2009","Rhode Island","RI","Female","Considered suicide","H26","14.6109","12.4994","17.0097","1688"
"2009","Rhode Island","RI","Male","Sad or hopeless","H25","20.345","17.3222","23.7438","1497"
"2009","Rhode Island","RI","Male","Considered suicide","H26","8.9705","7.5576","10.6172","1496"
"2009","Rhode Island","RI","Total","Sad or hopeless","H25","24.9667","22.0081","28.1792","3193"
"2009","Rhode Island","RI","Total","Considered suicide","H26","11.8279","10.2864","13.5655","3190"
"2009","South Carolina","SC","Female","Sad or hopeless","H25","31.2546","27.7228","35.0184","562"
"2009","South Carolina","SC","Female","Considered suicide","H26","15.1032","11.9462","18.9152","562"
"2009","South Carolina","SC","Male","Sad or hopeless","H25","18.7917","15.1643","23.0511","536"
"2009","South Carolina","SC","Male","Considered suicide","H26","10.2861","7.7148","13.5881","535"
"2009","South Carolina","SC","Total","Sad or hopeless","H25","25.1213","22.9362","27.4405","1099"
"2009","South Carolina","SC","Total","Considered suicide","H26","12.6958","10.2787","15.5827","1098"
"2009","South Dakota","SD","Female","Considered suicide","H26","19.123","17.1554","21.2583","1075"
"2009","South Dakota","SD","Male","Considered suicide","H26","14.9919","12.4334","17.9689","1076"
"2009","South Dakota","SD","Total","Considered suicide","H26","16.9515","15.0781","19.0056","2158"
"2009","Tennessee","TN","Female","Sad or hopeless","H25","33.8622","31.0047","36.8425","1115"
"2009","Tennessee","TN","Female","Considered suicide","H26","17.493","14.6068","20.8105","1116"
"2009","Tennessee","TN","Male","Sad or hopeless","H25","21.64","18.3992","25.2749","1084"
"2009","Tennessee","TN","Male","Considered suicide","H26","9.8598","7.7987","12.3923","1085"
"2009","Tennessee","TN","Total","Sad or hopeless","H25","27.6449","25.2213","30.2074","2209"
"2009","Tennessee","TN","Total","Considered suicide","H26","13.6208","11.5499","15.9959","2211"
"2009","Texas","TX","Female","Sad or hopeless","H25","34.9221","32.1783","37.7696","1635"
"2009","Texas","TX","Female","Considered suicide","H26","17.7791","14.8362","21.1607","1638"
"2009","Texas","TX","Male","Sad or hopeless","H25","20.7915","18.5206","23.2613","1858"
"2009","Texas","TX","Male","Considered suicide","H26","9.8334","8.2614","11.6665","1854"
"2009","Texas","TX","Total","Sad or hopeless","H25","27.6984","26.0131","29.4493","3497"
"2009","Texas","TX","Total","Considered suicide","H26","13.7367","12.2136","15.4163","3495"
"2009","Utah","UT","Female","Sad or hopeless","H25","32.8064","28.5608","37.353","826"
"2009","Utah","UT","Female","Considered suicide","H26","16.2975","12.7883","20.5429","835"
"2009","Utah","UT","Male","Sad or hopeless","H25","19.3783","15.6494","23.7455","736"
"2009","Utah","UT","Male","Considered suicide","H26","14.1851","11.1935","17.8159","743"
"2009","Utah","UT","Total","Sad or hopeless","H25","25.983","23.0984","29.0916","1569"
"2009","Utah","UT","Total","Considered suicide","H26","15.3474","12.9003","18.1619","1584"
"2009","Vermont","VT","Female","Sad or hopeless","H25","27.2738","24.6583","30.0562","4702"
"2009","Vermont","VT","Male","Sad or hopeless","H25","14.9593","14.2129","15.7376","4596"
"2009","Vermont","VT","Total","Sad or hopeless","H25","21.1128","19.8482","22.4354","9484"
"2009","Wisconsin","WI","Female","Sad or hopeless","H25","25.8611","22.8962","29.0652","1228"
"2009","Wisconsin","WI","Female","Considered suicide","H26","16.4378","14.2122","18.9351","1242"
"2009","Wisconsin","WI","Male","Sad or hopeless","H25","16.1003","13.7237","18.7988","1157"
"2009","Wisconsin","WI","Male","Considered suicide","H26","9.9508","8.0555","12.2328","1177"
"2009","Wisconsin","WI","Total","Sad or hopeless","H25","20.8391","18.7677","23.0741","2389"
"2009","Wisconsin","WI","Total","Considered suicide","H26","13.1681","11.5971","14.916","2423"
"2009","West Virginia","WV","Female","Sad or hopeless","H25","36.7446","32.8771","40.7905","828"
"2009","West Virginia","WV","Female","Considered suicide","H26","20.9614","17.9302","24.353","839"
"2009","West Virginia","WV","Male","Sad or hopeless","H25","22.8788","19.8295","26.2436","793"
"2009","West Virginia","WV","Male","Considered suicide","H26","15.0076","11.8004","18.8997","806"
"2009","West Virginia","WV","Total","Sad or hopeless","H25","29.7225","27.1201","32.4634","1627"
"2009","West Virginia","WV","Total","Considered suicide","H26","17.9621","15.4492","20.7832","1651"
"2009","Wyoming","WY","Female","Sad or hopeless","H25","35.2782","32.5737","38.0805","1488"
"2009","Wyoming","WY","Female","Considered suicide","H26","21.2458","18.8652","23.8385","1489"
"2009","Wyoming","WY","Male","Sad or hopeless","H25","19.1581","16.9986","21.5208","1390"
"2009","Wyoming","WY","Male","Considered suicide","H26","13.6197","11.7254","15.7653","1390"
"2009","Wyoming","WY","Total","Sad or hopeless","H25","26.9194","24.9617","28.9714","2892"
"2009","Wyoming","WY","Total","Considered suicide","H26","17.2977","15.6732","19.0524","2894"
"2011","Alaska","AK","Female","Sad or hopeless","H25","32.8416","28.4461","37.5597","662"
"2011","Alaska","AK","Female","Considered suicide","H26","16.8469","13.298","21.1123","672"
"2011","Alaska","AK","Male","Sad or hopeless","H25","19.4276","16.5685","22.6461","631"
"2011","Alaska","AK","Male","Considered suicide","H26","12.2171","9.588","15.4439","647"
"2011","Alaska","AK","Total","Sad or hopeless","H25","25.9402","23.1791","28.9065","1297"
"2011","Alaska","AK","Total","Considered suicide","H26","14.5354","12.1155","17.3432","1324"
"2011","Alabama","AL","Female","Sad or hopeless","H25","32.5976","28.2092","37.3138","700"
"2011","Alabama","AL","Female","Considered suicide","H26","18.898","15.3947","22.9821","701"
"2011","Alabama","AL","Male","Sad or hopeless","H25","19.1703","14.935","24.264","651"
"2011","Alabama","AL","Male","Considered suicide","H26","12.2759","10.1652","14.753","650"
"2011","Alabama","AL","Total","Sad or hopeless","H25","25.7523","21.9861","29.9163","1353"
"2011","Alabama","AL","Total","Considered suicide","H26","15.6875","13.2447","18.4848","1353"
"2011","Arkansas","AR","Female","Sad or hopeless","H25","36.1595","32.8091","39.6501","679"
"2011","Arkansas","AR","Female","Considered suicide","H26","17.6115","13.3344","22.8981","693"
"2011","Arkansas","AR","Male","Sad or hopeless","H25","20.9385","17.6406","24.6683","656"
"2011","Arkansas","AR","Male","Considered suicide","H26","11.2251","8.7343","14.3148","666"
"2011","Arkansas","AR","Total","Sad or hopeless","H25","28.3722","25.5951","31.3237","1340"
"2011","Arkansas","AR","Total","Considered suicide","H26","14.3371","11.8819","17.2005","1363"
"2011","Arizona","AZB","Female","Sad or hopeless","H25","38.9367","35.3475","42.65","1441"
"2011","Arizona","AZB","Female","Considered suicide","H26","22.036","19.4394","24.8724","1444"
"2011","Arizona","AZB","Male","Sad or hopeless","H25","28.5255","25.8798","31.3273","1418"
"2011","Arizona","AZB","Male","Considered suicide","H26","15.5101","12.8599","18.5899","1411"
"2011","Arizona","AZB","Total","Sad or hopeless","H25","33.6067","31.1173","36.1907","2866"
"2011","Arizona","AZB","Total","Considered suicide","H26","18.6821","16.5746","20.9902","2862"
"2011","Colorado","CO","Female","Sad or hopeless","H25","27.0809","21.7923","33.1096","672"
"2011","Colorado","CO","Female","Considered suicide","H26","17.5401","13.5014","22.473","633"
"2011","Colorado","CO","Male","Sad or hopeless","H25","16.9366","14.2626","19.9949","734"
"2011","Colorado","CO","Male","Considered suicide","H26","12.0584","9.6309","14.9962","678"
"2011","Colorado","CO","Total","Sad or hopeless","H25","21.8921","18.6302","25.5457","1449"
"2011","Colorado","CO","Total","Considered suicide","H26","14.7556","12.1794","17.7666","1353"
"2011","Connecticut","CT","Female","Sad or hopeless","H25","31.005","26.8386","35.5043","1025"
"2011","Connecticut","CT","Female","Considered suicide","H26","17.3207","14.651","20.3609","1023"
"2011","Connecticut","CT","Male","Sad or hopeless","H25","18.0316","15.2118","21.2433","990"
"2011","Connecticut","CT","Male","Considered suicide","H26","11.9407","9.4041","15.0479","996"
"2011","Connecticut","CT","Total","Sad or hopeless","H25","24.3844","21.7337","27.2459","2022"
"2011","Connecticut","CT","Total","Considered suicide","H26","14.581","12.8063","16.5549","2025"
"2011","Delaware","DE","Female","Sad or hopeless","H25","34.0312","30.2092","38.073","1103"
"2011","Delaware","DE","Female","Considered suicide","H26","16.6696","14.1445","19.5429","1106"
"2011","Delaware","DE","Male","Sad or hopeless","H25","19.2084","16.3834","22.3902","1149"
"2011","Delaware","DE","Male","Considered suicide","H26","10.3021","8.129","12.974","1147"
"2011","Delaware","DE","Total","Sad or hopeless","H25","26.7651","24.475","29.1867","2274"
"2011","Delaware","DE","Total","Considered suicide","H26","13.4768","11.8161","15.3304","2275"
"2011","Florida","FL","Female","Sad or hopeless","H25","32.8986","30.6266","35.2534","3216"
"2011","Florida","FL","Female","Considered suicide","H26","14.9647","13.2498","16.8584","3215"
"2011","Florida","FL","Male","Sad or hopeless","H25","18.6823","16.9752","20.5186","2914"
"2011","Florida","FL","Male","Considered suicide","H26","9.214","8.1624","10.3856","2912"
"2011","Florida","FL","Total","Sad or hopeless","H25","25.7139","24.1781","27.3121","6168"
"2011","Florida","FL","Total","Considered suicide","H26","12.0798","11.0074","13.2412","6165"
"2011","Georgia","GA","Female","Sad or hopeless","H25","38.5341","34.7744","42.4358","941"
"2011","Georgia","GA","Female","Considered suicide","H26","19.0776","16.0779","22.4869","939"
"2011","Georgia","GA","Male","Sad or hopeless","H25","22.5803","18.5325","27.2167","993"
"2011","Georgia","GA","Male","Considered suicide","H26","11.6901","9.0311","15.0029","995"
"2011","Georgia","GA","Total","Sad or hopeless","H25","30.632","27.5329","33.9167","1937"
"2011","Georgia","GA","Total","Considered suicide","H26","15.4702","13.38","17.8198","1937"
"2011","Hawaii","HI","Female","Sad or hopeless","H25","35.189","31.7568","38.7813","2283"
"2011","Hawaii","HI","Female","Considered suicide","H26","20.2171","18.1847","22.4143","2323"
"2011","Hawaii","HI","Male","Sad or hopeless","H25","23.4664","21.1354","25.9698","1912"
"2011","Hawaii","HI","Male","Considered suicide","H26","11.9571","9.8483","14.445","1957"
"2011","Hawaii","HI","Total","Sad or hopeless","H25","29.4772","27.4128","31.6293","4206"
"2011","Hawaii","HI","Total","Considered suicide","H26","16.1346","14.3806","18.0574","4293"
"2011","Iowa","IA","Female","Sad or hopeless","H25","28.3231","24.7706","32.1673","796"
"2011","Iowa","IA","Female","Considered suicide","H26","17.5997","14.9505","20.6046","796"
"2011","Iowa","IA","Male","Sad or hopeless","H25","17.5221","14.4964","21.024","732"
"2011","Iowa","IA","Male","Considered suicide","H26","11.8149","9.101","15.2028","732"
"2011","Iowa","IA","Total","Sad or hopeless","H25","22.7523","20.4362","25.2477","1535"
"2011","Iowa","IA","Total","Considered suicide","H26","14.5851","12.7301","16.6588","1535"
"2011","Idaho","ID","Female","Sad or hopeless","H25","33.6484","29.5522","38.0061","890"
"2011","Idaho","ID","Female","Considered suicide","H26","16.8324","14.0507","20.0364","891"
"2011","Idaho","ID","Male","Sad or hopeless","H25","21.2878","18.4965","24.3745","803"
"2011","Idaho","ID","Male","Considered suicide","H26","14.0277","11.594","16.8748","802"
"2011","Idaho","ID","Total","Sad or hopeless","H25","27.3134","24.7324","30.0561","1698"
"2011","Idaho","ID","Total","Considered suicide","H26","15.3823","13.1483","17.9175","1698"
"2011","Illinois","IL","Female","Sad or hopeless","H25","34.6548","30.7219","38.8091","1783"
"2011","Illinois","IL","Female","Considered suicide","H26","17.91","15.6852","20.374","1771"
"2011","Illinois","IL","Male","Sad or hopeless","H25","20.6905","18.6789","22.8578","1776"
"2011","Illinois","IL","Male","Considered suicide","H26","10.6469","9.0011","12.5522","1767"
"2011","Illinois","IL","Total","Sad or hopeless","H25","27.5831","25.0924","30.2213","3567"
"2011","Illinois","IL","Total","Considered suicide","H26","14.268","13.0609","15.5667","3546"
"2011","Indiana","IN","Female","Sad or hopeless","H25","34.5077","31.2453","37.923","1469"
"2011","Indiana","IN","Female","Considered suicide","H26","21.5197","17.5555","26.0956","1493"
"2011","Indiana","IN","Male","Sad or hopeless","H25","23.7163","18.9894","29.1957","1325"
"2011","Indiana","IN","Male","Considered suicide","H26","16.3285","13.0187","20.2836","1351"
"2011","Indiana","IN","Total","Sad or hopeless","H25","29.0575","26.3295","31.9455","2797"
"2011","Indiana","IN","Total","Considered suicide","H26","18.9265","15.8155","22.486","2847"
"2011","Kansas","KS","Female","Sad or hopeless","H25","26.9413","23.6008","30.5655","1004"
"2011","Kansas","KS","Female","Considered suicide","H26","13.6398","11.0826","16.6762","1006"
"2011","Kansas","KS","Male","Sad or hopeless","H25","16.9799","14.0098","20.43","860"
"2011","Kansas","KS","Male","Considered suicide","H26","10.0341","8.4621","11.8602","858"
"2011","Kansas","KS","Total","Sad or hopeless","H25","21.8627","19.1365","24.8578","1869"
"2011","Kansas","KS","Total","Considered suicide","H26","11.7834","10.29","13.4611","1867"
"2011","Kentucky","KY","Female","Sad or hopeless","H25","32.1238","28.5585","35.9105","841"
"2011","Kentucky","KY","Female","Considered suicide","H26","17.962","14.6998","21.7634","838"
"2011","Kentucky","KY","Male","Sad or hopeless","H25","22.0818","18.9674","25.5463","873"
"2011","Kentucky","KY","Male","Considered suicide","H26","11.5808","9.2522","14.4025","873"
"2011","Kentucky","KY","Total","Sad or hopeless","H25","27.0359","24.477","29.7569","1721"
"2011","Kentucky","KY","Total","Considered suicide","H26","14.8336","12.4293","17.6095","1716"
"2011","Louisiana","LA","Female","Sad or hopeless","H25","34.8713","30.8949","39.0701","632"
"2011","Louisiana","LA","Female","Considered suicide","H26","17.1167","11.0388","25.5787","635"
"2011","Louisiana","LA","Male","Sad or hopeless","H25","24.9368","19.0055","31.9881","505"
"2011","Louisiana","LA","Male","Considered suicide","H26","15.6398","11.4476","21.0031","503"
"2011","Louisiana","LA","Total","Sad or hopeless","H25","30.1058","26.5722","33.8925","1139"
"2011","Louisiana","LA","Total","Considered suicide","H26","16.4198","12.0861","21.92","1140"
"2011","Massachusetts","MA","Female","Sad or hopeless","H25","31.5366","29.1068","34.0718","1322"
"2011","Massachusetts","MA","Female","Considered suicide","H26","16.0905","14.0706","18.3385","1346"
"2011","Massachusetts","MA","Male","Sad or hopeless","H25","19.0413","16.6188","21.7249","1339"
"2011","Massachusetts","MA","Male","Considered suicide","H26","10.4902","9.07","12.1031","1359"
"2011","Massachusetts","MA","Total","Sad or hopeless","H25","25.2021","23.3247","27.177","2667"
"2011","Massachusetts","MA","Total","Considered suicide","H26","13.3309","12.0732","14.6977","2713"
"2011","Maryland","MD","Female","Sad or hopeless","H25","31.3837","27.4939","35.5539","1483"
"2011","Maryland","MD","Female","Considered suicide","H26","19.2563","16.6848","22.1189","1498"
"2011","Maryland","MD","Male","Sad or hopeless","H25","19.2064","16.6483","22.0535","1341"
"2011","Maryland","MD","Male","Considered suicide","H26","12.8846","9.7102","16.9024","1360"
"2011","Maryland","MD","Total","Sad or hopeless","H25","25.3903","22.6427","28.349","2841"
"2011","Maryland","MD","Total","Considered suicide","H26","16.1912","13.699","19.0369","2874"
"2011","Maine","ME","Female","Sad or hopeless","H25","27.5124","25.9641","29.1166","4776"
"2011","Maine","ME","Female","Considered suicide","H26","12.8408","11.8359","13.9176","4774"
"2011","Maine","ME","Male","Sad or hopeless","H25","16.649","15.5899","17.7648","4731"
"2011","Maine","ME","Male","Considered suicide","H26","9.8167","8.8969","10.8203","4703"
"2011","Maine","ME","Total","Sad or hopeless","H25","21.9931","20.9836","23.037","9641"
"2011","Maine","ME","Total","Considered suicide","H26","11.3587","10.519","12.2563","9623"
"2011","Michigan","MI","Female","Sad or hopeless","H25","31.5874","28.9666","34.3307","2069"
"2011","Michigan","MI","Female","Considered suicide","H26","18.7254","16.9266","20.6678","2084"
"2011","Michigan","MI","Male","Sad or hopeless","H25","20.5328","18.5522","22.666","2055"
"2011","Michigan","MI","Male","Considered suicide","H26","12.7776","11.1903","14.5531","2072"
"2011","Michigan","MI","Total","Sad or hopeless","H25","25.9705","24.0917","27.9419","4140"
"2011","Michigan","MI","Total","Considered suicide","H26","15.7054","14.5","16.9912","4173"
"2011","Mississippi","MS","Female","Sad or hopeless","H25","33.9656","31.3183","36.7171","961"
"2011","Mississippi","MS","Female","Considered suicide","H26","16.0302","13.5598","18.8526","962"
"2011","Mississippi","MS","Male","Sad or hopeless","H25","16.704","13.4544","20.5522","857"
"2011","Mississippi","MS","Male","Considered suicide","H26","10.5611","8.3759","13.2339","858"
"2011","Mississippi","MS","Total","Sad or hopeless","H25","25.5095","23.3688","27.7753","1825"
"2011","Mississippi","MS","Total","Considered suicide","H26","13.278","11.335","15.4958","1827"
"2011","Montana","MT","Female","Sad or hopeless","H25","30.7796","28.3498","33.3209","2073"
"2011","Montana","MT","Female","Considered suicide","H26","17.0781","15.43","18.8631","2084"
"2011","Montana","MT","Male","Sad or hopeless","H25","19.8621","17.8239","22.0707","2016"
"2011","Montana","MT","Male","Considered suicide","H26","13.3978","11.9073","15.043","2035"
"2011","Montana","MT","Total","Sad or hopeless","H25","25.2387","23.4381","27.1287","4102"
"2011","Montana","MT","Total","Considered suicide","H26","15.2478","14.0956","16.4761","4133"
"2011","North Carolina","NC","Female","Sad or hopeless","H25","32.6291","29.412","36.0185","1193"
"2011","North Carolina","NC","Female","Considered suicide","H26","15.0726","12.4955","18.0715","1195"
"2011","North Carolina","NC","Male","Sad or hopeless","H25","24.0328","20.7186","27.692","1030"
"2011","North Carolina","NC","Male","Considered suicide","H26","13.5373","11.0176","16.5261","1037"
"2011","North Carolina","NC","Total","Sad or hopeless","H25","28.3053","25.5764","31.2033","2229"
"2011","North Carolina","NC","Total","Considered suicide","H26","14.3378","12.5154","16.3758","2239"
"2011","North Dakota","ND","Female","Sad or hopeless","H25","31.2419","27.8381","34.8609","967"
"2011","North Dakota","ND","Female","Considered suicide","H26","19.3612","16.3072","22.8311","969"
"2011","North Dakota","ND","Male","Sad or hopeless","H25","16.5843","13.9165","19.6467","935"
"2011","North Dakota","ND","Male","Considered suicide","H26","10.04","8.1587","12.297","935"
"2011","North Dakota","ND","Total","Sad or hopeless","H25","23.7937","21.0688","26.7515","1905"
"2011","North Dakota","ND","Total","Considered suicide","H26","14.6874","12.7477","16.8654","1907"
"2011","Nebraska","NE","Female","Sad or hopeless","H25","27.6899","24.2703","31.3915","1400"
"2011","Nebraska","NE","Female","Considered suicide","H26","18.0366","15.4621","20.9336","1396"
"2011","Nebraska","NE","Male","Sad or hopeless","H25","14.4715","12.6682","16.4831","1315"
"2011","Nebraska","NE","Male","Considered suicide","H26","10.7608","9.051","12.7483","1313"
"2011","Nebraska","NE","Total","Sad or hopeless","H25","20.9757","18.9131","23.1988","2723"
"2011","Nebraska","NE","Total","Considered suicide","H26","14.2291","12.6784","15.9348","2718"
"2011","New Hampshire","NH","Female","Sad or hopeless","H25","31.2645","27.0387","35.8263","675"
"2011","New Hampshire","NH","Female","Considered suicide","H26","16.7697","13.6076","20.4922","674"
"2011","New Hampshire","NH","Male","Sad or hopeless","H25","19.4269","16.8873","22.2461","722"
"2011","New Hampshire","NH","Male","Considered suicide","H26","12.177","9.8517","14.9601","719"
"2011","New Hampshire","NH","Total","Sad or hopeless","H25","25.1545","22.6397","27.8481","1407"
"2011","New Hampshire","NH","Total","Considered suicide","H26","14.2969","12.1437","16.759","1403"
"2011","New Jersey","NJ","Female","Sad or hopeless","H25","33.4331","29.1353","38.0248","900"
"2011","New Jersey","NJ","Female","Considered suicide","H26","16.0071","12.6571","20.0403","898"
"2011","New Jersey","NJ","Male","Sad or hopeless","H25","19.0333","15.7957","22.7552","750"
"2011","New Jersey","NJ","Male","Considered suicide","H26","9.8079","8.1605","11.7452","748"
"2011","New Jersey","NJ","Total","Sad or hopeless","H25","26.1145","23.4198","29.0019","1654"
"2011","New Jersey","NJ","Total","Considered suicide","H26","12.8699","10.5772","15.573","1648"
"2011","New Mexico","NM","Female","Sad or hopeless","H25","37.2606","35.1714","39.3985","2955"
"2011","New Mexico","NM","Female","Considered suicide","H26","20.7611","19.0038","22.6354","2949"
"2011","New Mexico","NM","Male","Sad or hopeless","H25","21.1566","19.365","23.0665","2900"
"2011","New Mexico","NM","Male","Considered suicide","H26","12.8496","11.6977","14.0968","2895"
"2011","New Mexico","NM","Total","Sad or hopeless","H25","29.071","27.9613","30.2064","5863"
"2011","New Mexico","NM","Total","Considered suicide","H26","16.7188","15.7245","17.7627","5852"
"2011","New York","NY","Female","Sad or hopeless","H25","31.8293","28.7204","35.1089","6853"
"2011","New York","NY","Female","Considered suicide","H26","15.8798","14.5779","17.2743","6893"
"2011","New York","NY","Male","Sad or hopeless","H25","18.1296","15.682","20.8647","6107"
"2011","New York","NY","Male","Considered suicide","H26","10.0229","8.1039","12.3354","6148"
"2011","New York","NY","Total","Sad or hopeless","H25","24.8671","23.0392","26.7896","12994"
"2011","New York","NY","Total","Considered suicide","H26","12.9293","12.0721","13.8377","13075"
"2011","Ohio","OH","Female","Sad or hopeless","H25","33.8923","27.2566","41.2279","708"
"2011","Ohio","OH","Female","Considered suicide","H26","18.095","14.1764","22.8088","703"
"2011","Ohio","OH","Male","Sad or hopeless","H25","20.194","17.5124","23.1709","714"
"2011","Ohio","OH","Male","Considered suicide","H26","10.6998","8.3302","13.6431","710"
"2011","Ohio","OH","Total","Sad or hopeless","H25","27.0508","22.9681","31.5619","1428"
"2011","Ohio","OH","Total","Considered suicide","H26","14.2647","11.462","17.6162","1419"
"2011","Oklahoma","OK","Female","Sad or hopeless","H25","35.7153","32.2537","39.3328","599"
"2011","Oklahoma","OK","Female","Considered suicide","H26","18.6578","15.6672","22.0698","599"
"2011","Oklahoma","OK","Male","Sad or hopeless","H25","21.2416","16.5374","26.8534","542"
"2011","Oklahoma","OK","Male","Considered suicide","H26","9.8291","7.6375","12.5641","541"
"2011","Oklahoma","OK","Total","Sad or hopeless","H25","28.6179","25.4873","31.968","1146"
"2011","Oklahoma","OK","Total","Considered suicide","H26","14.2621","12.6548","16.0361","1145"
"2011","Rhode Island","RI","Female","Sad or hopeless","H25","31.4519","28.8529","34.1726","1997"
"2011","Rhode Island","RI","Female","Considered suicide","H26","14.5847","13.5746","15.6565","2001"
"2011","Rhode Island","RI","Male","Sad or hopeless","H25","17.5732","15.6971","19.6214","1915"
"2011","Rhode Island","RI","Male","Considered suicide","H26","10.0507","8.633","11.6714","1915"
"2011","Rhode Island","RI","Total","Sad or hopeless","H25","24.6129","22.8331","26.4838","3929"
"2011","Rhode Island","RI","Total","Considered suicide","H26","12.3094","11.3605","13.3257","3934"
"2011","South Carolina","SC","Female","Sad or hopeless","H25","38.1425","32.0163","44.6705","682"
"2011","South Carolina","SC","Female","Considered suicide","H26","19.9193","15.9439","24.5958","682"
"2011","South Carolina","SC","Male","Sad or hopeless","H25","22.7747","17.682","28.8205","781"
"2011","South Carolina","SC","Male","Considered suicide","H26","10.8873","8.6897","13.5582","786"
"2011","South Carolina","SC","Total","Sad or hopeless","H25","30.4793","25.7547","35.6544","1467"
"2011","South Carolina","SC","Total","Considered suicide","H26","15.4728","12.8229","18.5537","1472"
"2011","South Dakota","SD","Female","Considered suicide","H26","22.2772","17.1105","28.4681","808"
"2011","South Dakota","SD","Male","Considered suicide","H26","13.5474","10.3159","17.5927","714"
"2011","South Dakota","SD","Total","Considered suicide","H26","17.8369","13.8627","22.6508","1524"
"2011","Tennessee","TN","Female","Sad or hopeless","H25","32.8077","29.8302","35.9303","1353"
"2011","Tennessee","TN","Female","Considered suicide","H26","17.8471","15.0028","21.097","1355"
"2011","Tennessee","TN","Male","Sad or hopeless","H25","19.3181","16.8214","22.087","1267"
"2011","Tennessee","TN","Male","Considered suicide","H26","11.4463","9.819","13.3035","1267"
"2011","Tennessee","TN","Total","Sad or hopeless","H25","25.8574","23.8364","27.9866","2625"
"2011","Tennessee","TN","Total","Considered suicide","H26","14.6533","13.1212","16.3306","2627"
"2011","Texas","TX","Female","Sad or hopeless","H25","36.8535","34.6459","39.1177","2060"
"2011","Texas","TX","Female","Considered suicide","H26","19.8466","18.103","21.7136","2080"
"2011","Texas","TX","Male","Sad or hopeless","H25","21.976","20.3391","23.7055","2069"
"2011","Texas","TX","Male","Considered suicide","H26","11.8244","10.1947","13.675","2089"
"2011","Texas","TX","Total","Sad or hopeless","H25","29.2447","27.7643","30.7705","4140"
"2011","Texas","TX","Total","Considered suicide","H26","15.7805","14.5731","17.068","4181"
"2011","Utah","UT","Female","Sad or hopeless","H25","33.2303","28.4482","38.385","805"
"2011","Utah","UT","Female","Considered suicide","H26","16.4448","13.5549","19.8097","812"
"2011","Utah","UT","Male","Sad or hopeless","H25","20.3833","16.8048","24.4994","879"
"2011","Utah","UT","Male","Considered suicide","H26","11.7487","9.4766","14.4785","888"
"2011","Utah","UT","Total","Sad or hopeless","H25","26.6888","23.582","30.044","1687"
"2011","Utah","UT","Total","Considered suicide","H26","14.2491","12.3024","16.4462","1721"
"2011","Virginia","VA","Female","Sad or hopeless","H25","33.8941","29.808","38.2352","712"
"2011","Virginia","VA","Female","Considered suicide","H26","21.8641","18.46","25.6981","722"
"2011","Virginia","VA","Male","Sad or hopeless","H25","17.3046","13.2985","22.2083","697"
"2011","Virginia","VA","Male","Considered suicide","H26","12.0233","9.0815","15.753","705"
"2011","Virginia","VA","Total","Sad or hopeless","H25","25.5337","21.9942","29.4279","1412"
"2011","Virginia","VA","Total","Considered suicide","H26","16.9414","14.2808","19.982","1432"
"2011","Vermont","VT","Female","Sad or hopeless","H25","24.6261","21.2617","28.3312","4158"
"2011","Vermont","VT","Male","Sad or hopeless","H25","14.0322","12.078","16.2441","4266"
"2011","Vermont","VT","Total","Sad or hopeless","H25","19.2409","16.7642","21.9868","8537"
"2011","Wisconsin","WI","Female","Sad or hopeless","H25","30.1096","26.7188","33.7327","1510"
"2011","Wisconsin","WI","Female","Considered suicide","H26","16.9951","14.6425","19.6387","1514"
"2011","Wisconsin","WI","Male","Sad or hopeless","H25","15.5374","13.1193","18.3074","1498"
"2011","Wisconsin","WI","Male","Considered suicide","H26","10.0444","8.1026","12.3888","1506"
"2011","Wisconsin","WI","Total","Sad or hopeless","H25","22.6843","20.4993","25.0289","3013"
"2011","Wisconsin","WI","Total","Considered suicide","H26","13.4507","11.7566","15.3465","3025"
"2011","West Virginia","WV","Female","Sad or hopeless","H25","32.645","28.1884","37.4388","1091"
"2011","West Virginia","WV","Female","Considered suicide","H26","16.7306","13.2079","20.9659","1090"
"2011","West Virginia","WV","Male","Sad or hopeless","H25","16.7784","13.9032","20.1093","1060"
"2011","West Virginia","WV","Male","Considered suicide","H26","9.5927","7.6611","11.9484","1062"
"2011","West Virginia","WV","Total","Sad or hopeless","H25","24.4888","21.5898","27.6399","2161"
"2011","West Virginia","WV","Total","Considered suicide","H26","13.044","10.8753","15.5698","2163"
"2011","Wyoming","WY","Female","Sad or hopeless","H25","30.0134","27.3464","32.823","1260"
"2011","Wyoming","WY","Female","Considered suicide","H26","20.1909","17.9331","22.6545","1269"
"2011","Wyoming","WY","Male","Sad or hopeless","H25","21.0883","18.675","23.7224","1197"
"2011","Wyoming","WY","Male","Considered suicide","H26","14.6611","12.6144","16.9754","1219"
"2011","Wyoming","WY","Total","Sad or hopeless","H25","25.4989","23.6594","27.43","2470"
"2011","Wyoming","WY","Total","Considered suicide","H26","17.4326","15.8947","19.0855","2502"
"2013","Alaska","AK","Female","Sad or hopeless","H25","35.668","31.346","40.2368","614"
"2013","Alaska","AK","Female","Considered suicide","H26","21.6729","18.1181","25.7063","626"
"2013","Alaska","AK","Male","Sad or hopeless","H25","19.0289","15.6234","22.9746","577"
"2013","Alaska","AK","Male","Considered suicide","H26","10.8867","7.89","14.8383","586"
"2013","Alaska","AK","Total","Sad or hopeless","H25","27.1871","24.3505","30.2222","1194"
"2013","Alaska","AK","Total","Considered suicide","H26","16.2157","13.9058","18.8255","1215"
"2013","Alabama","AL","Female","Sad or hopeless","H25","36.6346","31.6748","41.8947","779"
"2013","Alabama","AL","Female","Considered suicide","H26","22.2251","18.6768","26.23","777"
"2013","Alabama","AL","Male","Sad or hopeless","H25","18.1547","14.6368","22.2973","760"
"2013","Alabama","AL","Male","Considered suicide","H26","13.9828","11.6671","16.6715","764"
"2013","Alabama","AL","Total","Sad or hopeless","H25","27.416","23.9844","31.1375","1546"
"2013","Alabama","AL","Total","Considered suicide","H26","18.146","15.6766","20.908","1549"
"2013","Arkansas","AR","Female","Sad or hopeless","H25","34.883","31.27","38.6785","767"
"2013","Arkansas","AR","Female","Considered suicide","H26","23.2978","20.3247","26.561","789"
"2013","Arkansas","AR","Male","Sad or hopeless","H25","23.11","19.716","26.8926","681"
"2013","Arkansas","AR","Male","Considered suicide","H26","14.5136","10.9489","18.9914","708"
"2013","Arkansas","AR","Total","Sad or hopeless","H25","28.9895","26.3669","31.7605","1455"
"2013","Arkansas","AR","Total","Considered suicide","H26","18.9926","16.8666","21.3179","1506"
"2013","Arizona","AZB","Female","Sad or hopeless","H25","44.3169","39.6443","49.0923","818"
"2013","Arizona","AZB","Female","Considered suicide","H26","23.8658","20.975","27.0187","818"
"2013","Arizona","AZB","Male","Sad or hopeless","H25","28.4073","25.7485","31.2252","783"
"2013","Arizona","AZB","Male","Considered suicide","H26","14.4161","12.0172","17.2002","783"
"2013","Arizona","AZB","Total","Sad or hopeless","H25","36.3515","33.6423","39.1502","1606"
"2013","Arizona","AZB","Total","Considered suicide","H26","19.1669","17.5017","20.9504","1606"
"2013","Connecticut","CT","Female","Sad or hopeless","H25","34.9284","30.4339","39.7079","1165"
"2013","Connecticut","CT","Female","Considered suicide","H26","18.0979","15.982","20.4258","1168"
"2013","Connecticut","CT","Male","Sad or hopeless","H25","19.7351","17.2533","22.477","1198"
"2013","Connecticut","CT","Male","Considered suicide","H26","10.9439","9.2232","12.9399","1187"
"2013","Connecticut","CT","Total","Sad or hopeless","H25","27.1545","24.3049","30.2049","2368"
"2013","Connecticut","CT","Total","Considered suicide","H26","14.4835","13.0673","16.025","2362"
"2013","Delaware","DE","Female","Sad or hopeless","H25","30.1189","27.2529","33.1489","1393"
"2013","Delaware","DE","Female","Considered suicide","H26","15.4839","13.3951","17.8315","1388"
"2013","Delaware","DE","Male","Sad or hopeless","H25","15.7324","13.7525","17.9382","1263"
"2013","Delaware","DE","Male","Considered suicide","H26","10.4034","8.9221","12.098","1270"
"2013","Delaware","DE","Total","Sad or hopeless","H25","22.9301","21.1251","24.8406","2682"
"2013","Delaware","DE","Total","Considered suicide","H26","12.8168","11.4447","14.3269","2687"
"2013","Florida","FL","Female","Sad or hopeless","H25","34.0538","31.8301","36.3499","3049"
"2013","Florida","FL","Female","Considered suicide","H26","17.7915","16.3476","19.3334","3048"
"2013","Florida","FL","Male","Sad or hopeless","H25","17.8558","16.3304","19.4906","2931"
"2013","Florida","FL","Male","Considered suicide","H26","10.0138","8.8212","11.3475","2922"
"2013","Florida","FL","Total","Sad or hopeless","H25","25.8238","24.2625","27.4492","6034"
"2013","Florida","FL","Total","Considered suicide","H26","13.9454","12.9109","15.0485","6025"
"2013","Georgia","GA","Female","Sad or hopeless","H25","33.5694","30.4577","36.8306","959"
"2013","Georgia","GA","Female","Considered suicide","H26","16.0373","13.6983","18.6892","960"
"2013","Georgia","GA","Male","Sad or hopeless","H25","22.3547","19.0133","26.094","987"
"2013","Georgia","GA","Male","Considered suicide","H26","12.4755","9.7788","15.7856","971"
"2013","Georgia","GA","Total","Sad or hopeless","H25","28.0166","25.8978","30.238","1957"
"2013","Georgia","GA","Total","Considered suicide","H26","14.3467","12.2272","16.7634","1941"
"2013","Hawaii","HI","Female","Sad or hopeless","H25","37.0854","33.8772","40.4118","2397"
"2013","Hawaii","HI","Female","Considered suicide","H26","20.4258","17.924","23.1783","2432"
"2013","Hawaii","HI","Male","Sad or hopeless","H25","22.348","19.631","25.3225","2101"
"2013","Hawaii","HI","Male","Considered suicide","H26","13.0631","10.5528","16.0633","2136"
"2013","Hawaii","HI","Total","Sad or hopeless","H25","29.7651","27.5894","32.0365","4520"
"2013","Hawaii","HI","Total","Considered suicide","H26","16.8928","14.7645","19.2586","4591"
"2013","Idaho","ID","Female","Sad or hopeless","H25","38.7891","35.9688","41.6865","915"
"2013","Idaho","ID","Female","Considered suicide","H26","21.2639","18.3505","24.501","914"
"2013","Idaho","ID","Male","Sad or hopeless","H25","20.3897","18.0891","22.9012","967"
"2013","Idaho","ID","Male","Considered suicide","H26","10.5472","8.7405","12.6755","965"
"2013","Idaho","ID","Total","Sad or hopeless","H25","29.3659","27.1912","31.639","1883"
"2013","Idaho","ID","Total","Considered suicide","H26","15.7803","13.652","18.1706","1880"
"2013","Illinois","IL","Female","Sad or hopeless","H25","37.4228","34.2516","40.7058","1716"
"2013","Illinois","IL","Female","Considered suicide","H26","25.1081","21.504","29.0923","1723"
"2013","Illinois","IL","Male","Sad or hopeless","H25","19.9866","17.7398","22.4404","1492"
"2013","Illinois","IL","Male","Considered suicide","H26","12.5764","10.091","15.568","1499"
"2013","Illinois","IL","Total","Sad or hopeless","H25","28.6952","27.2206","30.2166","3219"
"2013","Illinois","IL","Total","Considered suicide","H26","18.8604","17.054","20.8102","3236"
"2013","Kansas","KS","Female","Sad or hopeless","H25","32.1585","28.3884","36.1764","994"
"2013","Kansas","KS","Female","Considered suicide","H26","19.3702","16.5844","22.4976","1003"
"2013","Kansas","KS","Male","Sad or hopeless","H25","16.1311","13.6399","18.9773","922"
"2013","Kansas","KS","Male","Considered suicide","H26","13.576","11.3057","16.2189","923"
"2013","Kansas","KS","Total","Sad or hopeless","H25","23.9945","21.3676","26.8341","1919"
"2013","Kansas","KS","Total","Considered suicide","H26","16.4424","14.4723","18.6224","1930"
"2013","Kentucky","KY","Female","Sad or hopeless","H25","31.7017","27.4824","36.2451","783"
"2013","Kentucky","KY","Female","Considered suicide","H26","19.2139","14.8058","24.5561","780"
"2013","Kentucky","KY","Male","Sad or hopeless","H25","20.0053","17.5227","22.7427","829"
"2013","Kentucky","KY","Male","Considered suicide","H26","10.8572","8.456","13.8372","829"
"2013","Kentucky","KY","Total","Sad or hopeless","H25","25.7487","22.8192","28.9135","1618"
"2013","Kentucky","KY","Total","Considered suicide","H26","14.9931","12.1276","18.3938","1615"
"2013","Louisiana","LA","Female","Sad or hopeless","H25","34.224","29.797","38.9438","578"
"2013","Louisiana","LA","Female","Considered suicide","H26","20.2446","16.5491","24.5227","582"
"2013","Louisiana","LA","Male","Sad or hopeless","H25","28.1454","22.9692","33.9735","486"
"2013","Louisiana","LA","Male","Considered suicide","H26","15.9043","11.953","20.8523","492"
"2013","Louisiana","LA","Total","Sad or hopeless","H25","31.3738","27.4955","35.531","1067"
"2013","Louisiana","LA","Total","Considered suicide","H26","18.5225","15.7377","21.6733","1081"
"2013","Massachusetts","MA","Female","Sad or hopeless","H25","29.1558","25.8122","32.7413","1327"
"2013","Massachusetts","MA","Female","Considered suicide","H26","16.0486","14.0521","18.2684","1320"
"2013","Massachusetts","MA","Male","Sad or hopeless","H25","14.3922","12.5051","16.5103","1357"
"2013","Massachusetts","MA","Male","Considered suicide","H26","7.8005","6.4612","9.3894","1353"
"2013","Massachusetts","MA","Total","Sad or hopeless","H25","21.6913","19.6382","23.8952","2692"
"2013","Massachusetts","MA","Total","Considered suicide","H26","11.9625","10.8075","13.2226","2681"
"2013","Maryland","MD","Female","Sad or hopeless","H25","34.2176","33.2992","35.148","26431"
"2013","Maryland","MD","Female","Considered suicide","H26","20.0475","19.3091","20.8068","26713"
"2013","Maryland","MD","Male","Sad or hopeless","H25","19.7364","19.0598","20.431","25379"
"2013","Maryland","MD","Male","Considered suicide","H26","11.5727","11.06","12.1059","25733"
"2013","Maryland","MD","Total","Sad or hopeless","H25","27.0335","26.345","27.7331","52106"
"2013","Maryland","MD","Total","Considered suicide","H26","15.9589","15.4495","16.4818","52754"
"2013","Maine","ME","Female","Sad or hopeless","H25","32.7066","31.2218","34.2269","4393"
"2013","Maine","ME","Female","Considered suicide","H26","18.5219","16.9385","20.2173","4398"
"2013","Maine","ME","Male","Sad or hopeless","H25","17.7397","16.6849","18.8461","4289"
"2013","Maine","ME","Male","Considered suicide","H26","10.1821","9.4667","10.945","4311"
"2013","Maine","ME","Total","Sad or hopeless","H25","25.1065","24.0024","26.2438","8762"
"2013","Maine","ME","Total","Considered suicide","H26","14.3192","13.3619","15.3329","8789"
"2013","Michigan","MI","Female","Sad or hopeless","H25","33.1831","30.6012","35.8702","2112"
"2013","Michigan","MI","Female","Considered suicide","H26","20.6178","18.3428","23.0953","2108"
"2013","Michigan","MI","Male","Sad or hopeless","H25","20.7914","19.0254","22.6753","2111"
"2013","Michigan","MI","Male","Considered suicide","H26","11.407","9.411","13.762","2107"
"2013","Michigan","MI","Total","Sad or hopeless","H25","26.97","25.4863","28.5071","4237"
"2013","Michigan","MI","Total","Considered suicide","H26","16.0104","14.3768","17.791","4229"
"2013","Missouri","MO","Female","Sad or hopeless","H25","38.43","34.4559","42.5647","856"
"2013","Missouri","MO","Female","Considered suicide","H26","18.6363","14.8644","23.1055","852"
"2013","Missouri","MO","Male","Sad or hopeless","H25","16.6921","12.902","21.323","728"
"2013","Missouri","MO","Male","Considered suicide","H26","10.0649","7.9481","12.6679","725"
"2013","Missouri","MO","Total","Sad or hopeless","H25","27.2967","23.9203","30.9559","1593"
"2013","Missouri","MO","Total","Considered suicide","H26","14.2371","12.0453","16.7516","1585"
"2013","Mississippi","MS","Female","Sad or hopeless","H25","37.2332","32.7922","41.9007","786"
"2013","Mississippi","MS","Female","Considered suicide","H26","23.1657","20.1566","26.4749","785"
"2013","Mississippi","MS","Male","Sad or hopeless","H25","18.7668","14.7998","23.5037","794"
"2013","Mississippi","MS","Male","Considered suicide","H26","10.2033","7.9155","13.0586","791"
"2013","Mississippi","MS","Total","Sad or hopeless","H25","27.9759","24.4259","31.8246","1583"
"2013","Mississippi","MS","Total","Considered suicide","H26","16.7018","14.7341","18.8742","1579"
"2013","Montana","MT","Female","Sad or hopeless","H25","35.3981","32.4278","38.4854","2411"
"2013","Montana","MT","Female","Considered suicide","H26","21.1028","19.1797","23.1635","2432"
"2013","Montana","MT","Male","Sad or hopeless","H25","17.9602","16.3769","19.6605","2392"
"2013","Montana","MT","Male","Considered suicide","H26","12.7291","11.2148","14.4147","2416"
"2013","Montana","MT","Total","Sad or hopeless","H25","26.4188","24.6648","28.2507","4822"
"2013","Montana","MT","Total","Considered suicide","H26","16.7859","15.3587","18.317","4868"
"2013","North Carolina","NC","Female","Sad or hopeless","H25","38.7275","34.9413","42.6549","934"
"2013","North Carolina","NC","Female","Considered suicide","H26","21.7227","18.4908","25.3438","932"
"2013","North Carolina","NC","Male","Sad or hopeless","H25","20.096","17.213","23.3258","883"
"2013","North Carolina","NC","Male","Considered suicide","H26","11.6491","9.7044","13.9233","890"
"2013","North Carolina","NC","Total","Sad or hopeless","H25","29.2778","26.8734","31.8038","1819"
"2013","North Carolina","NC","Total","Considered suicide","H26","16.6525","14.963","18.4912","1824"
"2013","North Dakota","ND","Female","Sad or hopeless","H25","32.9913","29.6486","36.5154","956"
"2013","North Dakota","ND","Female","Considered suicide","H26","20.967","18.0701","24.1913","956"
"2013","North Dakota","ND","Male","Sad or hopeless","H25","18.2483","15.8493","20.92","1011"
"2013","North Dakota","ND","Male","Considered suicide","H26","11.5199","9.3996","14.0444","1014"
"2013","North Dakota","ND","Total","Sad or hopeless","H25","25.4218","22.9487","28.0643","1974"
"2013","North Dakota","ND","Total","Considered suicide","H26","16.1139","14.277","18.1372","1977"
"2013","Nebraska","NE","Female","Sad or hopeless","H25","27.9482","24.5489","31.6209","882"
"2013","Nebraska","NE","Female","Considered suicide","H26","16.7995","14.181","19.7899","880"
"2013","Nebraska","NE","Male","Sad or hopeless","H25","11.5288","9.5708","13.8262","909"
"2013","Nebraska","NE","Male","Considered suicide","H26","7.7534","5.9164","10.0997","911"
"2013","Nebraska","NE","Total","Sad or hopeless","H25","19.5271","17.4722","21.7599","1795"
"2013","Nebraska","NE","Total","Considered suicide","H26","12.1013","10.615","13.7637","1795"
"2013","New Hampshire","NH","Female","Sad or hopeless","H25","32.727","29.3954","36.2424","853"
"2013","New Hampshire","NH","Female","Considered suicide","H26","17.4429","14.9596","20.2402","851"
"2013","New Hampshire","NH","Male","Sad or hopeless","H25","17.7634","15.0809","20.8061","760"
"2013","New Hampshire","NH","Male","Considered suicide","H26","11.2802","8.999","14.0504","757"
"2013","New Hampshire","NH","Total","Sad or hopeless","H25","25.4314","23.1177","27.8926","1630"
"2013","New Hampshire","NH","Total","Considered suicide","H26","14.3594","12.5586","16.37","1624"
"2013","New Jersey","NJ","Female","Sad or hopeless","H25","36.7111","33.6744","39.8571","930"
"2013","New Jersey","NJ","Female","Considered suicide","H26","18.2266","15.6458","21.1264","929"
"2013","New Jersey","NJ","Male","Sad or hopeless","H25","20.692","17.3465","24.4916","764"
"2013","New Jersey","NJ","Male","Considered suicide","H26","9.7635","7.5347","12.5621","765"
"2013","New Jersey","NJ","Total","Sad or hopeless","H25","28.6731","25.7973","31.7323","1697"
"2013","New Jersey","NJ","Total","Considered suicide","H26","13.9433","11.8321","16.3613","1697"
"2013","New Mexico","NM","Female","Sad or hopeless","H25","39.9607","36.3953","43.6357","2658"
"2013","New Mexico","NM","Female","Considered suicide","H26","19.855","17.9094","21.9555","2654"
"2013","New Mexico","NM","Male","Sad or hopeless","H25","21.4171","19.24","23.768","2766"
"2013","New Mexico","NM","Male","Considered suicide","H26","11.644","10.6406","12.7287","2768"
"2013","New Mexico","NM","Total","Sad or hopeless","H25","30.505","28.4202","32.673","5432"
"2013","New Mexico","NM","Total","Considered suicide","H26","15.6299","14.4404","16.8981","5430"
"2013","Nevada","NV","Female","Sad or hopeless","H25","41.2758","37.8539","44.7841","1114"
"2013","Nevada","NV","Female","Considered suicide","H26","25.6507","22.4859","29.0937","1109"
"2013","Nevada","NV","Male","Sad or hopeless","H25","21.3255","18.4614","24.5003","1004"
"2013","Nevada","NV","Male","Considered suicide","H26","12.3609","10.1516","14.9708","1001"
"2013","Nevada","NV","Total","Sad or hopeless","H25","31.0783","28.4657","33.8173","2124"
"2013","Nevada","NV","Total","Considered suicide","H26","18.8535","16.8714","21.0097","2117"
"2013","New York","NY","Female","Sad or hopeless","H25","31.4243","28.3069","34.7189","5397"
"2013","New York","NY","Female","Considered suicide","H26","17.9986","15.5521","20.7354","5383"
"2013","New York","NY","Male","Sad or hopeless","H25","16.3618","14.237","18.7346","5014"
"2013","New York","NY","Male","Considered suicide","H26","9.5377","7.8689","11.5162","5007"
"2013","New York","NY","Total","Sad or hopeless","H25","23.7583","21.5221","26.1494","10452"
"2013","New York","NY","Total","Considered suicide","H26","13.7064","11.9784","15.6395","10436"
"2013","Ohio","OH","Female","Sad or hopeless","H25","35.2262","31.4992","39.1423","783"
"2013","Ohio","OH","Female","Considered suicide","H26","18.3142","15.3757","21.6704","782"
"2013","Ohio","OH","Male","Sad or hopeless","H25","16.7421","13.8249","20.131","643"
"2013","Ohio","OH","Male","Considered suicide","H26","10.4769","8.4282","12.9532","638"
"2013","Ohio","OH","Total","Sad or hopeless","H25","25.7846","23.2157","28.5322","1434"
"2013","Ohio","OH","Total","Considered suicide","H26","14.2988","12.1767","16.7202","1428"
"2013","Oklahoma","OK","Female","Sad or hopeless","H25","35.2026","31.3874","39.2166","732"
"2013","Oklahoma","OK","Female","Considered suicide","H26","20.1881","16.9038","23.9267","731"
"2013","Oklahoma","OK","Male","Sad or hopeless","H25","19.7566","16.1944","23.879","739"
"2013","Oklahoma","OK","Male","Considered suicide","H26","11.4456","9.6799","13.4853","738"
"2013","Oklahoma","OK","Total","Sad or hopeless","H25","27.3127","24.3732","30.4639","1472"
"2013","Oklahoma","OK","Total","Considered suicide","H26","15.7083","13.7744","17.8575","1470"
"2013","Rhode Island","RI","Female","Sad or hopeless","H25","34.9875","30.7516","39.4744","1273"
"2013","Rhode Island","RI","Female","Considered suicide","H26","18.3331","14.56","22.8229","1268"
"2013","Rhode Island","RI","Male","Sad or hopeless","H25","16.496","14.0065","19.3285","1136"
"2013","Rhode Island","RI","Male","Considered suicide","H26","9.5196","7.4631","12.0689","1139"
"2013","Rhode Island","RI","Total","Sad or hopeless","H25","25.7526","23.7038","27.9137","2420"
"2013","Rhode Island","RI","Total","Considered suicide","H26","13.9404","11.3828","16.9626","2416"
"2013","South Carolina","SC","Female","Sad or hopeless","H25","33.7621","29.1524","38.7026","831"
"2013","South Carolina","SC","Female","Considered suicide","H26","17.4373","13.7542","21.8567","830"
"2013","South Carolina","SC","Male","Sad or hopeless","H25","19.6774","16.7427","22.9845","753"
"2013","South Carolina","SC","Male","Considered suicide","H26","9.1154","7.4212","11.1498","748"
"2013","South Carolina","SC","Total","Sad or hopeless","H25","26.6404","23.632","29.882","1590"
"2013","South Carolina","SC","Total","Considered suicide","H26","13.191","11.2582","15.398","1582"
"2013","South Dakota","SD","Female","Sad or hopeless","H25","27.4315","22.8834","32.5025","642"
"2013","South Dakota","SD","Female","Considered suicide","H26","20.2517","16.0503","25.2224","644"
"2013","South Dakota","SD","Male","Sad or hopeless","H25","16.4308","13.7237","19.5508","656"
"2013","South Dakota","SD","Male","Considered suicide","H26","11.859","9.184","15.183","656"
"2013","South Dakota","SD","Total","Sad or hopeless","H25","21.9951","19.1893","25.0838","1300"
"2013","South Dakota","SD","Total","Considered suicide","H26","15.987","13.0288","19.4665","1302"
"2013","Tennessee","TN","Female","Sad or hopeless","H25","34.4047","30.8271","38.1685","975"
"2013","Tennessee","TN","Female","Considered suicide","H26","19.0635","15.9238","22.6555","977"
"2013","Tennessee","TN","Male","Sad or hopeless","H25","22.4821","19.6868","25.5481","893"
"2013","Tennessee","TN","Male","Considered suicide","H26","11.6419","9.9407","13.5903","892"
"2013","Tennessee","TN","Total","Sad or hopeless","H25","28.309","25.9107","30.8369","1874"
"2013","Tennessee","TN","Total","Considered suicide","H26","15.2404","13.2949","17.4133","1876"
"2013","Texas","TX","Female","Sad or hopeless","H25","36.7795","32.9305","40.8046","1579"
"2013","Texas","TX","Female","Considered suicide","H26","21.0824","18.7187","23.6578","1589"
"2013","Texas","TX","Male","Sad or hopeless","H25","20.1774","18.3039","22.1906","1552"
"2013","Texas","TX","Male","Considered suicide","H26","12.4469","10.564","14.6105","1567"
"2013","Texas","TX","Total","Sad or hopeless","H25","28.3247","25.9707","30.8034","3131"
"2013","Texas","TX","Total","Considered suicide","H26","16.6827","15.1356","18.3538","3156"
"2013","Utah","UT","Female","Sad or hopeless","H25","31.9696","27.4995","36.7975","1137"
"2013","Utah","UT","Female","Considered suicide","H26","17.3866","14.5577","20.6326","1146"
"2013","Utah","UT","Male","Sad or hopeless","H25","19.7294","17.2618","22.4541","1013"
"2013","Utah","UT","Male","Considered suicide","H26","13.5429","11.6432","15.6973","1029"
"2013","Utah","UT","Total","Sad or hopeless","H25","25.6714","22.7622","28.8137","2157"
"2013","Utah","UT","Total","Considered suicide","H26","15.4614","13.7604","17.3303","2183"
"2013","Virginia","VA","Female","Sad or hopeless","H25","33.778","31.8398","35.7723","3474"
"2013","Virginia","VA","Female","Considered suicide","H26","19.1877","17.6058","20.8758","3455"
"2013","Virginia","VA","Male","Sad or hopeless","H25","17.6111","16.0499","19.2894","3356"
"2013","Virginia","VA","Male","Considered suicide","H26","10.4298","9.3182","11.657","3347"
"2013","Virginia","VA","Total","Sad or hopeless","H25","25.6644","24.3137","27.0633","6854"
"2013","Virginia","VA","Total","Considered suicide","H26","14.7477","13.77","15.7822","6826"
"2013","Vermont","VT","Female","Sad or hopeless","H25","31.4926","29.2374","33.8386","3232"
"2013","Vermont","VT","Male","Sad or hopeless","H25","15.4172","13.9005","17.0666","3241"
"2013","Vermont","VT","Total","Sad or hopeless","H25","23.2257","21.7187","24.8041","6541"
"2013","Wisconsin","WI","Female","Sad or hopeless","H25","32.937","29.1896","36.9147","1431"
"2013","Wisconsin","WI","Female","Considered suicide","H26","16.2029","13.7856","18.951","1432"
"2013","Wisconsin","WI","Male","Sad or hopeless","H25","16.5535","14.0672","19.38","1388"
"2013","Wisconsin","WI","Male","Considered suicide","H26","10.1809","7.8528","13.101","1389"
"2013","Wisconsin","WI","Total","Sad or hopeless","H25","24.6067","21.8321","27.6095","2826"
"2013","Wisconsin","WI","Total","Considered suicide","H26","13.1607","11.2","15.405","2828"
"2013","West Virginia","WV","Female","Sad or hopeless","H25","35.3283","31.6427","39.1969","949"
"2013","West Virginia","WV","Female","Considered suicide","H26","20.4777","16.9514","24.521","947"
"2013","West Virginia","WV","Male","Sad or hopeless","H25","19.9556","16.5413","23.8731","834"
"2013","West Virginia","WV","Male","Considered suicide","H26","10.2277","7.8307","13.2528","834"
"2013","West Virginia","WV","Total","Sad or hopeless","H25","27.5382","24.9523","30.2839","1790"
"2013","West Virginia","WV","Total","Considered suicide","H26","15.3796","12.9941","18.1117","1788"
"2013","Wyoming","WY","Female","Sad or hopeless","H25","34.6792","31.8146","37.6593","1554"
"2013","Wyoming","WY","Female","Considered suicide","H26","21.3862","19.1001","23.8653","1554"
"2013","Wyoming","WY","Male","Sad or hopeless","H25","19.9015","17.8746","22.0965","1441"
"2013","Wyoming","WY","Male","Considered suicide","H26","11.983","10.2615","13.9484","1438"
"2013","Wyoming","WY","Total","Sad or hopeless","H25","27.22","25.2573","29.2756","3008"
"2013","Wyoming","WY","Total","Considered suicide","H26","16.6541","15.1259","18.3034","3004"
"2015","Alaska","AK","Female","Sad or hopeless","H25","42.7306","37.4219","48.2122","698"
"2015","Alaska","AK","Female","Considered suicide","H26","23.2944","19.5586","27.4998","696"
"2015","Alaska","AK","Male","Sad or hopeless","H25","25.0485","21.6157","28.826","706"
"2015","Alaska","AK","Male","Considered suicide","H26","17.0071","14.0759","20.4038","703"
"2015","Alaska","AK","Total","Sad or hopeless","H25","33.6411","30.0769","37.4016","1408"
"2015","Alaska","AK","Total","Considered suicide","H26","20.1447","17.2359","23.4056","1403"
"2015","Alabama","AL","Female","Sad or hopeless","H25","38.1371","33.7696","42.7053","737"
"2015","Alabama","AL","Female","Considered suicide","H26","23.0558","18.6113","28.194","739"
"2015","Alabama","AL","Male","Sad or hopeless","H25","20.5034","17.5945","23.7547","792"
"2015","Alabama","AL","Male","Considered suicide","H26","11.7894","9.4547","14.6076","786"
"2015","Alabama","AL","Total","Sad or hopeless","H25","29.3428","26.21","32.6842","1536"
"2015","Alabama","AL","Total","Considered suicide","H26","17.5157","14.5399","20.9513","1529"
"2015","Arkansas","AR","Female","Sad or hopeless","H25","38.0835","35.3301","40.9158","1480"
"2015","Arkansas","AR","Female","Considered suicide","H26","23.1862","20.6284","25.9574","1481"
"2015","Arkansas","AR","Male","Sad or hopeless","H25","23.4172","18.4411","29.2544","1304"
"2015","Arkansas","AR","Male","Considered suicide","H26","14.3898","10.7273","19.036","1296"
"2015","Arkansas","AR","Total","Sad or hopeless","H25","30.6612","27.6246","33.8753","2799"
"2015","Arkansas","AR","Total","Considered suicide","H26","18.9271","16.6355","21.4531","2788"
"2015","Arizona","AZB","Female","Sad or hopeless","H25","43.9534","39.9567","48.03","1368"
"2015","Arizona","AZB","Female","Considered suicide","H26","23.4792","20.1542","27.1661","1387"
"2015","Arizona","AZB","Male","Sad or hopeless","H25","24.5997","20.8443","28.7856","1131"
"2015","Arizona","AZB","Male","Considered suicide","H26","13.1845","10.5147","16.4078","1146"
"2015","Arizona","AZB","Total","Sad or hopeless","H25","34.1947","30.7427","37.8227","2520"
"2015","Arizona","AZB","Total","Considered suicide","H26","18.5573","16.2799","21.0732","2555"
"2015","California","CA","Female","Sad or hopeless","H25","38.7833","35.4159","42.2612","992"
"2015","California","CA","Female","Considered suicide","H26","24.0289","20.1627","28.3729","991"
"2015","California","CA","Male","Sad or hopeless","H25","20.9358","19.1032","22.8945","923"
"2015","California","CA","Male","Considered suicide","H26","11.8709","8.4129","16.4943","922"
"2015","California","CA","Total","Sad or hopeless","H25","29.7347","26.858","32.7814","1928"
"2015","California","CA","Total","Considered suicide","H26","17.8942","14.3537","22.0828","1925"
"2015","Connecticut","CT","Female","Sad or hopeless","H25","34.6945","30.9093","38.6837","1185"
"2015","Connecticut","CT","Female","Considered suicide","H26","16.2745","13.7309","19.1844","1186"
"2015","Connecticut","CT","Male","Sad or hopeless","H25","18.544","15.8651","21.5593","1155"
"2015","Connecticut","CT","Male","Considered suicide","H26","10.372","8.5945","12.4669","1164"
"2015","Connecticut","CT","Total","Sad or hopeless","H25","26.6237","23.9239","29.51","2352"
"2015","Connecticut","CT","Total","Considered suicide","H26","13.39","11.8601","15.0835","2361"
"2015","Delaware","DE","Female","Sad or hopeless","H25","32.4739","29.2839","35.8354","1381"
"2015","Delaware","DE","Female","Considered suicide","H26","17.5132","14.7892","20.6175","1378"
"2015","Delaware","DE","Male","Sad or hopeless","H25","15.3015","13.1547","17.7271","1299"
"2015","Delaware","DE","Male","Considered suicide","H26","9.9902","8.3769","11.8739","1292"
"2015","Delaware","DE","Total","Sad or hopeless","H25","24.2489","22.1425","26.4874","2718"
"2015","Delaware","DE","Total","Considered suicide","H26","14.0318","12.6826","15.499","2710"
"2015","Florida","FL","Female","Sad or hopeless","H25","35.3951","33.2368","37.6145","3177"
"2015","Florida","FL","Female","Considered suicide","H26","17.9347","16.679","19.2631","3167"
"2015","Florida","FL","Male","Sad or hopeless","H25","17.3109","15.6183","19.1452","3045"
"2015","Florida","FL","Male","Considered suicide","H26","9.4945","8.3319","10.8002","3044"
"2015","Florida","FL","Total","Sad or hopeless","H25","26.395","24.959","27.8829","6296"
"2015","Florida","FL","Total","Considered suicide","H26","13.8328","12.9968","14.7135","6287"
"2015","Hawaii","HI","Female","Sad or hopeless","H25","36.2145","33.506","39.0134","2987"
"2015","Hawaii","HI","Female","Considered suicide","H26","20.1016","17.849","22.5604","2978"
"2015","Hawaii","HI","Male","Sad or hopeless","H25","22.4468","20.3896","24.6472","2923"
"2015","Hawaii","HI","Male","Considered suicide","H26","11.6825","9.8302","13.8304","2908"
"2015","Hawaii","HI","Total","Sad or hopeless","H25","29.5193","27.6721","31.4362","5955"
"2015","Hawaii","HI","Total","Considered suicide","H26","16.0246","14.181","18.0575","5927"
"2015","Idaho","ID","Female","Sad or hopeless","H25","42.722","38.9912","46.5374","880"
"2015","Idaho","ID","Female","Considered suicide","H26","27.1766","23.728","30.9232","877"
"2015","Idaho","ID","Male","Sad or hopeless","H25","21.2432","18.3048","24.5117","865"
"2015","Idaho","ID","Male","Considered suicide","H26","12.8589","10.5498","15.5853","866"
"2015","Idaho","ID","Total","Sad or hopeless","H25","31.6362","29.1126","34.2727","1752"
"2015","Idaho","ID","Total","Considered suicide","H26","19.7959","17.4871","22.327","1751"
"2015","Illinois","IL","Female","Sad or hopeless","H25","36.8233","32.5568","41.3065","1595"
"2015","Illinois","IL","Female","Considered suicide","H26","18.8465","15.7689","22.3652","1619"
"2015","Illinois","IL","Male","Sad or hopeless","H25","21.7035","18.1894","25.6834","1579"
"2015","Illinois","IL","Male","Considered suicide","H26","12.8863","10.0172","16.4271","1589"
"2015","Illinois","IL","Total","Sad or hopeless","H25","29.2715","26.0708","32.6915","3190"
"2015","Illinois","IL","Total","Considered suicide","H26","15.907","13.8533","18.2009","3222"
"2015","Indiana","IN","Female","Sad or hopeless","H25","39.1535","33.6014","45.0012","970"
"2015","Indiana","IN","Female","Considered suicide","H26","25.9507","22.2171","30.0692","994"
"2015","Indiana","IN","Male","Sad or hopeless","H25","19.814","17.537","22.3067","883"
"2015","Indiana","IN","Male","Considered suicide","H26","13.6501","10.4681","17.6091","898"
"2015","Indiana","IN","Total","Sad or hopeless","H25","29.3499","26.958","31.8615","1864"
"2015","Indiana","IN","Total","Considered suicide","H26","19.7687","17.9435","21.7304","1903"
"2015","Kentucky","KY","Female","Sad or hopeless","H25","42.5129","37.2413","47.9604","1304"
"2015","Kentucky","KY","Female","Considered suicide","H26","20.6324","16.9151","24.9215","1312"
"2015","Kentucky","KY","Male","Sad or hopeless","H25","20.5474","17.47","24.0093","1221"
"2015","Kentucky","KY","Male","Considered suicide","H26","10.6306","8.5816","13.0987","1218"
"2015","Kentucky","KY","Total","Sad or hopeless","H25","31.3481","28.0171","34.8832","2543"
"2015","Kentucky","KY","Total","Considered suicide","H26","15.6932","13.7671","17.8331","2544"
"2015","Massachusetts","MA","Female","Sad or hopeless","H25","34.8306","32.0714","37.6954","1546"
"2015","Massachusetts","MA","Female","Considered suicide","H26","17.4279","15.2377","19.8591","1547"
"2015","Massachusetts","MA","Male","Sad or hopeless","H25","19.9156","17.5038","22.5689","1523"
"2015","Massachusetts","MA","Male","Considered suicide","H26","12.1824","10.3621","14.2715","1517"
"2015","Massachusetts","MA","Total","Sad or hopeless","H25","27.4164","25.5145","29.4042","3084"
"2015","Massachusetts","MA","Total","Considered suicide","H26","14.8675","13.0853","16.8453","3080"
"2015","Maryland","MD","Female","Sad or hopeless","H25","35.0287","34.1927","35.874","27722"
"2015","Maryland","MD","Female","Considered suicide","H26","20.7048","20.0874","21.3362","27609"
"2015","Maryland","MD","Male","Sad or hopeless","H25","18.6926","18.1351","19.2632","26566"
"2015","Maryland","MD","Male","Considered suicide","H26","10.8816","10.4278","11.3525","26453"
"2015","Maryland","MD","Total","Sad or hopeless","H25","26.8466","26.2682","27.433","54595"
"2015","Maryland","MD","Total","Considered suicide","H26","15.8592","15.4243","16.304","54379"
"2015","Maine","ME","Female","Sad or hopeless","H25","35.4628","33.5081","37.4673","4717"
"2015","Maine","ME","Female","Considered suicide","H26","19.8185","18.5256","21.1783","4702"
"2015","Maine","ME","Male","Sad or hopeless","H25","17.7764","16.6396","18.9732","4696"
"2015","Maine","ME","Male","Considered suicide","H26","10.5254","9.3027","11.8877","4692"
"2015","Maine","ME","Total","Sad or hopeless","H25","26.4411","25.2993","27.6155","9484"
"2015","Maine","ME","Total","Considered suicide","H26","15.1535","14.0546","16.3219","9464"
"2015","Michigan","MI","Female","Sad or hopeless","H25","40.7376","35.6401","46.0426","2512"
"2015","Michigan","MI","Female","Considered suicide","H26","21.4365","18.7486","24.394","2501"
"2015","Michigan","MI","Male","Sad or hopeless","H25","22.6528","20.0036","25.5408","2209"
"2015","Michigan","MI","Male","Considered suicide","H26","13.0486","11.3494","14.9594","2204"
"2015","Michigan","MI","Total","Sad or hopeless","H25","31.6692","28.6165","34.8884","4735"
"2015","Michigan","MI","Total","Considered suicide","H26","17.2927","15.9339","18.7414","4719"
"2015","Missouri","MO","Female","Sad or hopeless","H25","31.2923","26.2002","36.8796","682"
"2015","Missouri","MO","Female","Considered suicide","H26","18.8719","15.3534","22.9778","680"
"2015","Missouri","MO","Male","Sad or hopeless","H25","23.6219","19.3808","28.4635","786"
"2015","Missouri","MO","Male","Considered suicide","H26","13.2403","10.0963","17.1763","785"
"2015","Missouri","MO","Total","Sad or hopeless","H25","27.5323","23.6007","31.8458","1477"
"2015","Missouri","MO","Total","Considered suicide","H26","16.2061","13.8562","18.8671","1471"
"2015","Mississippi","MS","Female","Sad or hopeless","H25","38.3265","35.1623","41.5928","1095"
"2015","Mississippi","MS","Female","Considered suicide","H26","20.9321","18.483","23.6116","1091"
"2015","Mississippi","MS","Male","Sad or hopeless","H25","20.1029","16.3582","24.4542","959"
"2015","Mississippi","MS","Male","Considered suicide","H26","13.0497","10.6745","15.8595","961"
"2015","Mississippi","MS","Total","Sad or hopeless","H25","29.4914","26.5445","32.6202","2074"
"2015","Mississippi","MS","Total","Considered suicide","H26","16.9906","15.4772","18.6194","2070"
"2015","Montana","MT","Female","Sad or hopeless","H25","38.7621","36.1655","41.4242","2188"
"2015","Montana","MT","Female","Considered suicide","H26","25.4907","23.4272","27.6702","2185"
"2015","Montana","MT","Male","Sad or hopeless","H25","20.4494","18.7391","22.2731","2261"
"2015","Montana","MT","Male","Considered suicide","H26","12.6833","11.2576","14.2604","2260"
"2015","Montana","MT","Total","Sad or hopeless","H25","29.2705","27.6758","30.9178","4464"
"2015","Montana","MT","Total","Considered suicide","H26","18.8432","17.6101","20.1416","4460"
"2015","North Carolina","NC","Female","Sad or hopeless","H25","35.2246","30.3271","40.4538","2992"
"2015","North Carolina","NC","Female","Considered suicide","H26","20.4756","17.2563","24.1205","3022"
"2015","North Carolina","NC","Male","Sad or hopeless","H25","17.4947","14.7185","20.6677","2954"
"2015","North Carolina","NC","Male","Considered suicide","H26","10.7005","8.6569","13.1569","2996"
"2015","North Carolina","NC","Total","Sad or hopeless","H25","26.3513","23.5343","29.376","5979"
"2015","North Carolina","NC","Total","Considered suicide","H26","15.9438","13.7599","18.4005","6052"
"2015","North Dakota","ND","Female","Sad or hopeless","H25","35.2065","32.124","38.4175","1047"
"2015","North Dakota","ND","Female","Considered suicide","H26","20.4432","17.6029","23.6106","1047"
"2015","North Dakota","ND","Male","Sad or hopeless","H25","19.6134","17.1235","22.3676","1068"
"2015","North Dakota","ND","Male","Considered suicide","H26","12.1971","10.0325","14.7522","1067"
"2015","North Dakota","ND","Total","Sad or hopeless","H25","27.2105","25.1297","29.396","2118"
"2015","North Dakota","ND","Total","Considered suicide","H26","16.1869","14.2102","18.3797","2117"
"2015","Nebraska","NE","Female","Sad or hopeless","H25","31.4325","26.7225","36.5585","764"
"2015","Nebraska","NE","Female","Considered suicide","H26","17.953","14.6328","21.8337","781"
"2015","Nebraska","NE","Male","Sad or hopeless","H25","17.0734","14.1455","20.4629","746"
"2015","Nebraska","NE","Male","Considered suicide","H26","11.2969","9.1971","13.8033","766"
"2015","Nebraska","NE","Total","Sad or hopeless","H25","24.1443","21.2497","27.2964","1515"
"2015","Nebraska","NE","Total","Considered suicide","H26","14.6449","12.7616","16.7528","1552"
"2015","New Hampshire","NH","Female","Sad or hopeless","H25","36.8708","34.7551","39.0382","7156"
"2015","New Hampshire","NH","Female","Considered suicide","H26","20.0858","18.7523","21.4889","6834"
"2015","New Hampshire","NH","Male","Sad or hopeless","H25","17.9491","16.7183","19.2496","7390"
"2015","New Hampshire","NH","Male","Considered suicide","H26","10.7348","9.8296","11.7125","7092"
"2015","New Hampshire","NH","Total","Sad or hopeless","H25","27.2386","26.1772","28.3265","14777"
"2015","New Hampshire","NH","Total","Considered suicide","H26","15.3469","14.497","16.2371","14150"
"2015","New Mexico","NM","Female","Sad or hopeless","H25","42.3103","39.9345","44.7221","4258"
"2015","New Mexico","NM","Female","Considered suicide","H26","21.3578","19.1243","23.7755","4258"
"2015","New Mexico","NM","Male","Sad or hopeless","H25","23.0013","21.2289","24.8751","4010"
"2015","New Mexico","NM","Male","Considered suicide","H26","11.5848","10.5743","12.6782","4007"
"2015","New Mexico","NM","Total","Sad or hopeless","H25","32.5375","30.7972","34.3274","8280"
"2015","New Mexico","NM","Total","Considered suicide","H26","16.4502","15.0699","17.9302","8278"
"2015","Nevada","NV","Female","Sad or hopeless","H25","44.2045","38.6954","49.86","731"
"2015","Nevada","NV","Female","Considered suicide","H26","23.8479","20.9375","27.0245","736"
"2015","Nevada","NV","Male","Sad or hopeless","H25","21.6072","19.3276","24.0754","701"
"2015","Nevada","NV","Male","Considered suicide","H26","10.6325","7.8603","14.2314","699"
"2015","Nevada","NV","Total","Sad or hopeless","H25","32.6961","29.9603","35.5548","1435"
"2015","Nevada","NV","Total","Considered suicide","H26","17.2485","14.8322","19.9661","1437"
"2015","New York","NY","Female","Sad or hopeless","H25","35.9658","33.3551","38.6623","5515"
"2015","New York","NY","Female","Considered suicide","H26","19.3884","16.9335","22.1044","5496"
"2015","New York","NY","Male","Sad or hopeless","H25","21.0421","18.7428","23.5418","4968"
"2015","New York","NY","Male","Considered suicide","H26","11.8005","9.6982","14.2864","4940"
"2015","New York","NY","Total","Sad or hopeless","H25","28.5541","26.0911","31.1516","10552"
"2015","New York","NY","Total","Considered suicide","H26","15.6625","13.7055","17.8412","10498"
"2015","Oklahoma","OK","Female","Sad or hopeless","H25","37.9316","33.2782","42.8181","766"
"2015","Oklahoma","OK","Female","Considered suicide","H26","19.8693","17.1776","22.8664","765"
"2015","Oklahoma","OK","Male","Sad or hopeless","H25","19.74","16.9701","22.8376","822"
"2015","Oklahoma","OK","Male","Considered suicide","H26","10.1959","7.3757","13.9323","821"
"2015","Oklahoma","OK","Total","Sad or hopeless","H25","28.8626","25.7894","32.1433","1595"
"2015","Oklahoma","OK","Total","Considered suicide","H26","15.053","12.8512","17.5561","1593"
"2015","Pennsylvania","PA","Female","Sad or hopeless","H25","36.6901","33.0841","40.4515","1424"
"2015","Pennsylvania","PA","Female","Considered suicide","H26","20.2518","18.1167","22.5692","1428"
"2015","Pennsylvania","PA","Male","Sad or hopeless","H25","19.1589","16.8378","21.7165","1422"
"2015","Pennsylvania","PA","Male","Considered suicide","H26","11.168","9.1564","13.5555","1430"
"2015","Pennsylvania","PA","Total","Sad or hopeless","H25","27.8148","25.2902","30.4886","2852"
"2015","Pennsylvania","PA","Total","Considered suicide","H26","15.6848","14.1699","17.3289","2862"
"2015","Rhode Island","RI","Female","Sad or hopeless","H25","35.8088","33.8767","37.7882","1739"
"2015","Rhode Island","RI","Female","Considered suicide","H26","19.3145","17.202","21.6188","1730"
"2015","Rhode Island","RI","Male","Sad or hopeless","H25","17.2111","14.7653","19.9671","1666"
"2015","Rhode Island","RI","Male","Considered suicide","H26","8.9243","7.2999","10.8679","1668"
"2015","Rhode Island","RI","Total","Sad or hopeless","H25","26.354","24.3029","28.5131","3418"
"2015","Rhode Island","RI","Total","Considered suicide","H26","14.0627","12.3672","15.9484","3410"
"2015","South Carolina","SC","Female","Sad or hopeless","H25","39.5518","33.7438","45.6703","692"
"2015","South Carolina","SC","Female","Considered suicide","H26","21.3176","16.908","26.5102","686"
"2015","South Carolina","SC","Male","Sad or hopeless","H25","20.4158","17.4718","23.7132","648"
"2015","South Carolina","SC","Male","Considered suicide","H26","13.317","10.3207","17.0181","641"
"2015","South Carolina","SC","Total","Sad or hopeless","H25","29.8841","26.1386","33.9199","1341"
"2015","South Carolina","SC","Total","Considered suicide","H26","17.2704","14.1867","20.8614","1328"
"2015","South Dakota","SD","Female","Sad or hopeless","H25","34.6646","27.6264","42.4442","667"
"2015","South Dakota","SD","Female","Considered suicide","H26","23.2552","17.6236","30.0303","665"
"2015","South Dakota","SD","Male","Sad or hopeless","H25","16.5216","12.6419","21.3014","630"
"2015","South Dakota","SD","Male","Considered suicide","H26","9.2697","6.4373","13.1728","628"
"2015","South Dakota","SD","Total","Sad or hopeless","H25","25.3998","20.9975","30.3703","1297"
"2015","South Dakota","SD","Total","Considered suicide","H26","16.114","12.3785","20.7104","1293"
"2015","Tennessee","TN","Female","Sad or hopeless","H25","38.0025","34.6169","41.5091","2082"
"2015","Tennessee","TN","Female","Considered suicide","H26","21.6696","19.0308","24.5633","2123"
"2015","Tennessee","TN","Male","Sad or hopeless","H25","18.5115","16.8245","20.3264","1908"
"2015","Tennessee","TN","Male","Considered suicide","H26","10.5993","9.2541","12.1139","1954"
"2015","Tennessee","TN","Total","Sad or hopeless","H25","27.9946","25.9592","30.1247","4006"
"2015","Tennessee","TN","Total","Considered suicide","H26","15.974","14.5035","17.563","4092"
"2015","Virginia","VA","Female","Sad or hopeless","H25","37.0938","34.5497","39.7116","2563"
"2015","Virginia","VA","Female","Considered suicide","H26","18.6009","16.3452","21.0896","2551"
"2015","Virginia","VA","Male","Sad or hopeless","H25","17.2804","15.2689","19.4958","2562"
"2015","Virginia","VA","Male","Considered suicide","H26","9.5946","8.131","11.2893","2563"
"2015","Virginia","VA","Total","Sad or hopeless","H25","26.9133","25.1435","28.7598","5155"
"2015","Virginia","VA","Total","Considered suicide","H26","13.9728","12.5821","15.4901","5144"
"2015","Vermont","VT","Female","Sad or hopeless","H25","33.547","32.638","34.4683","10207"
"2015","Vermont","VT","Male","Sad or hopeless","H25","15.4086","14.7229","16.1201","10442"
"2015","Vermont","VT","Total","Sad or hopeless","H25","24.3843","23.8074","24.9706","20932"
"2015","West Virginia","WV","Female","Sad or hopeless","H25","43.8078","38.7924","48.953","814"
"2015","West Virginia","WV","Female","Considered suicide","H26","22.7758","18.51","27.6907","813"
"2015","West Virginia","WV","Male","Sad or hopeless","H25","22.3834","18.53","26.7748","788"
"2015","West Virginia","WV","Male","Considered suicide","H26","14.7905","12.8462","16.9718","787"
"2015","West Virginia","WV","Total","Sad or hopeless","H25","32.8898","29.524","36.4409","1608"
"2015","West Virginia","WV","Total","Considered suicide","H26","18.6996","16.2983","21.3644","1606"
"2015","Wyoming","WY","Female","Sad or hopeless","H25","39.0587","35.3279","42.9221","1199"
"2015","Wyoming","WY","Female","Considered suicide","H26","24.6827","21.3219","28.382","1197"
"2015","Wyoming","WY","Male","Sad or hopeless","H25","22.7566","19.8969","25.8945","1198"
"2015","Wyoming","WY","Male","Considered suicide","H26","15.8553","13.2473","18.865","1198"
"2015","Wyoming","WY","Total","Sad or hopeless","H25","30.7879","28.2578","33.439","2409"
"2015","Wyoming","WY","Total","Considered suicide","H26","20.3003","18.0862","22.7103","2406"
"2017","Alaska","AK","Female","Sad or hopeless","H25","47.9554","43.0969","52.8528","630"
"2017","Alaska","AK","Female","Considered suicide","H26","28.8058","24.9223","33.0282","643"
"2017","Alaska","AK","Male","Sad or hopeless","H25","25.5227","21.7026","29.7597","649"
"2017","Alaska","AK","Male","Considered suicide","H26","17.418","14.0063","21.4534","673"
"2017","Alaska","AK","Total","Sad or hopeless","H25","36.1411","32.8925","39.5216","1284"
"2017","Alaska","AK","Total","Considered suicide","H26","22.8024","20.2657","25.5549","1321"
"2017","Arkansas","AR","Female","Sad or hopeless","H25","47.4474","41.0573","53.9223","816"
"2017","Arkansas","AR","Female","Considered suicide","H26","27.1373","24.5301","29.9117","827"
"2017","Arkansas","AR","Male","Sad or hopeless","H25","32.7175","23.8412","43.0312","788"
"2017","Arkansas","AR","Male","Considered suicide","H26","19.1934","16.1121","22.7045","791"
"2017","Arkansas","AR","Total","Sad or hopeless","H25","40.1667","32.6705","48.1527","1613"
"2017","Arkansas","AR","Total","Considered suicide","H26","23.1829","20.9817","25.5403","1628"
"2017","Arizona","AZB","Female","Sad or hopeless","H25","46.4761","42.8365","50.1537","1045"
"2017","Arizona","AZB","Female","Considered suicide","H26","23.815","20.4787","27.507","1048"
"2017","Arizona","AZB","Male","Sad or hopeless","H25","26.3315","22.114","31.0329","1045"
"2017","Arizona","AZB","Male","Considered suicide","H26","14.0058","11.3964","17.0974","1037"
"2017","Arizona","AZB","Total","Sad or hopeless","H25","36.3903","32.8013","40.1374","2106"
"2017","Arizona","AZB","Total","Considered suicide","H26","19.153","16.669","21.9098","2102"
"2017","California","CA","Female","Sad or hopeless","H25","42.5785","38.1179","47.1632","843"
"2017","California","CA","Female","Considered suicide","H26","22.0596","18.8215","25.6785","862"
"2017","California","CA","Male","Sad or hopeless","H25","21.7407","18.1822","25.7762","862"
"2017","California","CA","Male","Considered suicide","H26","11.7151","9.8576","13.8689","881"
"2017","California","CA","Total","Sad or hopeless","H25","32.1172","29.2571","35.118","1717"
"2017","California","CA","Total","Considered suicide","H26","17.0232","15.2765","18.925","1756"
"2017","Colorado","CO","Female","Sad or hopeless","H25","40.4458","34.0241","47.2122","706"
"2017","Colorado","CO","Female","Considered suicide","H26","21.4306","17.9447","25.3841","704"
"2017","Colorado","CO","Male","Sad or hopeless","H25","22.2337","18.968","25.882","760"
"2017","Colorado","CO","Male","Considered suicide","H26","12.5203","9.9062","15.7039","756"
"2017","Colorado","CO","Total","Sad or hopeless","H25","31.3113","27.044","35.9204","1478"
"2017","Colorado","CO","Total","Considered suicide","H26","16.9777","14.4543","19.8395","1472"
"2017","Connecticut","CT","Female","Sad or hopeless","H25","34.8352","31.3107","38.534","1188"
"2017","Connecticut","CT","Female","Considered suicide","H26","16.8102","14.5256","19.3727","1193"
"2017","Connecticut","CT","Male","Sad or hopeless","H25","19.2088","16.9885","21.6437","1159"
"2017","Connecticut","CT","Male","Considered suicide","H26","10.3305","8.9919","11.8423","1163"
"2017","Connecticut","CT","Total","Sad or hopeless","H25","26.8956","24.6005","29.3217","2360"
"2017","Connecticut","CT","Total","Considered suicide","H26","13.5016","12.1219","15.0115","2366"
"2017","Delaware","DE","Female","Sad or hopeless","H25","36.9034","33.678","40.2502","1448"
"2017","Delaware","DE","Female","Considered suicide","H26","21.2821","18.0517","24.9148","1449"
"2017","Delaware","DE","Male","Sad or hopeless","H25","18.41","16.061","21.0166","1355"
"2017","Delaware","DE","Male","Considered suicide","H26","10.8196","8.6668","13.4285","1354"
"2017","Delaware","DE","Total","Sad or hopeless","H25","27.5924","25.5012","29.7865","2842"
"2017","Delaware","DE","Total","Considered suicide","H26","16.0853","13.9046","18.5344","2840"
"2017","Florida","FL","Female","Sad or hopeless","H25","38.1269","36.1404","40.1539","3106"
"2017","Florida","FL","Female","Considered suicide","H26","18.1155","16.787","19.5245","3107"
"2017","Florida","FL","Male","Sad or hopeless","H25","17.8385","16.4176","19.3539","2902"
"2017","Florida","FL","Male","Considered suicide","H26","9.5472","8.3962","10.8374","2900"
"2017","Florida","FL","Total","Sad or hopeless","H25","27.8482","26.408","29.3356","6096"
"2017","Florida","FL","Total","Considered suicide","H26","13.769","12.7968","14.8025","6095"
"2017","Hawaii","HI","Female","Sad or hopeless","H25","35.0422","32.7486","37.407","2906"
"2017","Hawaii","HI","Female","Considered suicide","H26","18.6925","17.1238","20.3696","2942"
"2017","Hawaii","HI","Male","Sad or hopeless","H25","23.3575","21.4599","25.3687","2799"
"2017","Hawaii","HI","Male","Considered suicide","H26","12.5543","11.0538","14.2259","2845"
"2017","Hawaii","HI","Total","Sad or hopeless","H25","29.476","27.916","31.0855","5775"
"2017","Hawaii","HI","Total","Considered suicide","H26","16.0164","14.7848","17.3298","5861"
"2017","Iowa","IA","Female","Sad or hopeless","H25","39.7467","34.3937","45.3568","807"
"2017","Iowa","IA","Female","Considered suicide","H26","24.8041","20.4444","29.7459","817"
"2017","Iowa","IA","Male","Sad or hopeless","H25","18.8472","15.6732","22.4925","850"
"2017","Iowa","IA","Male","Considered suicide","H26","15.5407","11.9384","19.9834","857"
"2017","Iowa","IA","Total","Sad or hopeless","H25","29.2093","26.5481","32.021","1664"
"2017","Iowa","IA","Total","Considered suicide","H26","20.2477","16.7788","24.2251","1682"
"2017","Idaho","ID","Female","Sad or hopeless","H25","46.325","43.0083","49.6746","951"
"2017","Idaho","ID","Female","Considered suicide","H26","29.1705","25.945","32.6204","948"
"2017","Idaho","ID","Male","Sad or hopeless","H25","23.9785","20.5321","27.8011","853"
"2017","Idaho","ID","Male","Considered suicide","H26","14.3303","11.6845","17.4568","851"
"2017","Idaho","ID","Total","Sad or hopeless","H25","35.0291","32.0389","38.1419","1807"
"2017","Idaho","ID","Total","Considered suicide","H26","21.745","19.3115","24.3925","1801"
"2017","Illinois","IL","Female","Sad or hopeless","H25","43.0907","39.9166","46.3225","2539"
"2017","Illinois","IL","Female","Considered suicide","H26","23.2876","20.0451","26.8782","2531"
"2017","Illinois","IL","Male","Sad or hopeless","H25","21.4127","19.4126","23.5587","2330"
"2017","Illinois","IL","Male","Considered suicide","H26","11.1384","9.2788","13.3161","2339"
"2017","Illinois","IL","Total","Sad or hopeless","H25","32.2525","30.2547","34.3173","4910"
"2017","Illinois","IL","Total","Considered suicide","H26","17.2388","15.3722","19.2803","4911"
"2017","Kansas","KS","Female","Sad or hopeless","H25","32.9823","29.0462","37.1723","1287"
"2017","Kansas","KS","Female","Considered suicide","H26","19.6772","17.1418","22.4858","1307"
"2017","Kansas","KS","Male","Sad or hopeless","H25","17.0765","13.8481","20.8751","1075"
"2017","Kansas","KS","Male","Considered suicide","H26","11.4424","8.3014","15.5701","1087"
"2017","Kansas","KS","Total","Sad or hopeless","H25","24.8398","22.4981","27.3392","2368"
"2017","Kansas","KS","Total","Considered suicide","H26","15.5699","13.5474","17.832","2400"
"2017","Kentucky","KY","Female","Sad or hopeless","H25","40.8876","37.1969","44.6839","1011"
"2017","Kentucky","KY","Female","Considered suicide","H26","19.4047","16.9531","22.1165","1009"
"2017","Kentucky","KY","Male","Sad or hopeless","H25","17.6046","14.7892","20.8249","950"
"2017","Kentucky","KY","Male","Considered suicide","H26","9.6092","7.439","12.3282","945"
"2017","Kentucky","KY","Total","Sad or hopeless","H25","29.2325","26.6736","31.93","1973"
"2017","Kentucky","KY","Total","Considered suicide","H26","14.8334","12.9304","16.9619","1966"
"2017","Louisiana","LA","Female","Sad or hopeless","H25","40.6186","35.7522","45.6765","597"
"2017","Louisiana","LA","Female","Considered suicide","H26","21.3702","17.8383","25.3853","598"
"2017","Louisiana","LA","Male","Sad or hopeless","H25","22.3451","17.0439","28.7242","594"
"2017","Louisiana","LA","Male","Considered suicide","H26","13.4418","9.7542","18.2417","598"
"2017","Louisiana","LA","Total","Sad or hopeless","H25","31.7246","27.1343","36.7003","1197"
"2017","Louisiana","LA","Total","Considered suicide","H26","17.8398","14.8005","21.3468","1209"
"2017","Massachusetts","MA","Female","Sad or hopeless","H25","36.0279","33.3032","38.8457","1623"
"2017","Massachusetts","MA","Female","Considered suicide","H26","15.7084","13.6391","18.0262","1615"
"2017","Massachusetts","MA","Male","Sad or hopeless","H25","19.0139","16.3508","21.9966","1620"
"2017","Massachusetts","MA","Male","Considered suicide","H26","9.2323","7.3479","11.5396","1620"
"2017","Massachusetts","MA","Total","Sad or hopeless","H25","27.4469","25.2845","29.7207","3255"
"2017","Massachusetts","MA","Total","Considered suicide","H26","12.4403","11.2069","13.7883","3245"
"2017","Maryland","MD","Female","Sad or hopeless","H25","38.7397","37.9269","39.5589","24717"
"2017","Maryland","MD","Female","Considered suicide","H26","21.8218","21.1883","22.4687","25075"
"2017","Maryland","MD","Male","Sad or hopeless","H25","21.0431","20.4212","21.6788","24052"
"2017","Maryland","MD","Male","Considered suicide","H26","12.4363","11.861","13.0355","24489"
"2017","Maryland","MD","Total","Sad or hopeless","H25","29.923","29.3225","30.5305","49169"
"2017","Maryland","MD","Total","Considered suicide","H26","17.2935","16.7912","17.8076","50006"
"2017","Maine","ME","Female","Sad or hopeless","H25","36.1176","33.6737","38.6356","4697"
"2017","Maine","ME","Female","Considered suicide","H26","17.5764","15.9111","19.3758","4684"
"2017","Maine","ME","Male","Sad or hopeless","H25","18.8256","17.5225","20.2019","4571"
"2017","Maine","ME","Male","Considered suicide","H26","10.236","9.3467","11.1994","4582"
"2017","Maine","ME","Total","Sad or hopeless","H25","27.3518","25.7798","28.9823","9339"
"2017","Maine","ME","Total","Considered suicide","H26","13.9001","12.8761","14.9916","9337"
"2017","Michigan","MI","Female","Sad or hopeless","H25","48.2568","44.8181","51.7122","799"
"2017","Michigan","MI","Female","Considered suicide","H26","26.9779","23.6603","30.5745","799"
"2017","Michigan","MI","Male","Sad or hopeless","H25","26.5578","22.6188","30.9088","808"
"2017","Michigan","MI","Male","Considered suicide","H26","15.7153","12.8316","19.105","809"
"2017","Michigan","MI","Total","Sad or hopeless","H25","37.3407","34.0723","40.7289","1613"
"2017","Michigan","MI","Total","Considered suicide","H26","21.3296","18.6304","24.303","1616"
"2017","Missouri","MO","Female","Sad or hopeless","H25","38.2557","34.3583","42.3102","874"
"2017","Missouri","MO","Female","Considered suicide","H26","24.1325","20.3924","28.3145","870"
"2017","Missouri","MO","Male","Sad or hopeless","H25","24.1821","20.5927","28.1751","963"
"2017","Missouri","MO","Male","Considered suicide","H26","17.5353","14.1245","21.563","953"
"2017","Missouri","MO","Total","Sad or hopeless","H25","31.252","28.4928","34.1509","1845"
"2017","Missouri","MO","Total","Considered suicide","H26","20.8967","18.2662","23.7958","1827"
"2017","Montana","MT","Female","Sad or hopeless","H25","39.9325","37.8202","42.0829","2330"
"2017","Montana","MT","Female","Considered suicide","H26","26.7592","24.4474","29.205","2368"
"2017","Montana","MT","Male","Sad or hopeless","H25","22.7692","20.5711","25.1278","2289"
"2017","Montana","MT","Male","Considered suicide","H26","15.3561","13.5664","17.3346","2336"
"2017","Montana","MT","Total","Sad or hopeless","H25","31.0134","29.1659","32.9235","4636"
"2017","Montana","MT","Total","Considered suicide","H26","20.8313","19.2099","22.5514","4722"
"2017","North Carolina","NC","Female","Sad or hopeless","H25","38.9404","36.598","41.3349","1606"
"2017","North Carolina","NC","Female","Considered suicide","H26","21.1574","18.7831","23.744","1631"
"2017","North Carolina","NC","Male","Sad or hopeless","H25","20.277","17.7353","23.0808","1449"
"2017","North Carolina","NC","Male","Considered suicide","H26","11.3018","9.3047","13.6631","1464"
"2017","North Carolina","NC","Total","Sad or hopeless","H25","29.4266","27.5616","31.3631","3068"
"2017","North Carolina","NC","Total","Considered suicide","H26","16.2324","14.6456","17.955","3109"
"2017","North Dakota","ND","Female","Sad or hopeless","H25","37.8723","35.0413","40.7884","1122"
"2017","North Dakota","ND","Female","Considered suicide","H26","24.0005","21.2716","26.9595","1121"
"2017","North Dakota","ND","Male","Sad or hopeless","H25","20.3933","17.7934","23.2655","1003"
"2017","North Dakota","ND","Male","Considered suicide","H26","9.6952","7.7626","12.0461","1001"
"2017","North Dakota","ND","Total","Sad or hopeless","H25","28.9174","26.8162","31.1132","2135"
"2017","North Dakota","ND","Total","Considered suicide","H26","16.7079","14.8417","18.757","2130"
"2017","Nebraska","NE","Female","Sad or hopeless","H25","35.1561","29.7982","40.9158","700"
"2017","Nebraska","NE","Female","Considered suicide","H26","23.0377","18.7058","28.0269","695"
"2017","Nebraska","NE","Male","Sad or hopeless","H25","19.2321","15.9319","23.0288","713"
"2017","Nebraska","NE","Male","Considered suicide","H26","9.2219","6.7656","12.4509","710"
"2017","Nebraska","NE","Total","Sad or hopeless","H25","26.9819","23.6485","30.5968","1421"
"2017","Nebraska","NE","Total","Considered suicide","H26","16.1143","13.2807","19.4171","1413"
"2017","New Hampshire","NH","Female","Sad or hopeless","H25","37.583","35.8964","39.3004","5827"
"2017","New Hampshire","NH","Female","Considered suicide","H26","20.6396","19.2465","22.1061","5490"
"2017","New Hampshire","NH","Male","Sad or hopeless","H25","18.6393","17.2512","20.1119","5956"
"2017","New Hampshire","NH","Male","Considered suicide","H26","11.4691","10.4195","12.6096","5625"
"2017","New Hampshire","NH","Total","Sad or hopeless","H25","27.998","26.8612","29.1637","11988"
"2017","New Hampshire","NH","Total","Considered suicide","H26","16.1257","15.2211","17.0732","11310"
"2017","New Mexico","NM","Female","Sad or hopeless","H25","45.1105","42.7042","47.5399","2910"
"2017","New Mexico","NM","Female","Considered suicide","H26","22.6707","20.6712","24.8032","2905"
"2017","New Mexico","NM","Male","Sad or hopeless","H25","26.6296","24.7483","28.5996","2823"
"2017","New Mexico","NM","Male","Considered suicide","H26","13.0282","11.6995","14.483","2824"
"2017","New Mexico","NM","Total","Sad or hopeless","H25","35.8257","33.8864","37.8125","5748"
"2017","New Mexico","NM","Total","Considered suicide","H26","17.8404","16.2755","19.5207","5744"
"2017","Nevada","NV","Female","Sad or hopeless","H25","47.2882","42.8115","51.8089","801"
"2017","Nevada","NV","Female","Considered suicide","H26","22.045","18.6111","25.9107","798"
"2017","Nevada","NV","Male","Sad or hopeless","H25","24.1515","20.2549","28.5294","839"
"2017","Nevada","NV","Male","Considered suicide","H26","11.6215","9.1623","14.6344","841"
"2017","Nevada","NV","Total","Sad or hopeless","H25","35.5036","31.5754","39.6374","1652"
"2017","Nevada","NV","Total","Considered suicide","H26","16.7147","14.3907","19.3293","1649"
"2017","New York","NY","Female","Sad or hopeless","H25","39.0263","36.5466","41.5641","5659"
"2017","New York","NY","Female","Considered suicide","H26","22.1368","19.5825","24.9211","5726"
"2017","New York","NY","Male","Sad or hopeless","H25","22.0049","19.6182","24.5932","5084"
"2017","New York","NY","Male","Considered suicide","H26","12.7464","10.7013","15.1161","5178"
"2017","New York","NY","Total","Sad or hopeless","H25","30.393","28.5226","32.3305","10829"
"2017","New York","NY","Total","Considered suicide","H26","17.4098","15.3836","19.641","10987"
"2017","Oklahoma","OK","Female","Sad or hopeless","H25","43.9142","39.1883","48.7531","825"
"2017","Oklahoma","OK","Female","Considered suicide","H26","27.8466","23.8846","32.1878","830"
"2017","Oklahoma","OK","Male","Sad or hopeless","H25","20.0508","16.1414","24.6289","799"
"2017","Oklahoma","OK","Male","Considered suicide","H26","10.8527","8.0073","14.5493","803"
"2017","Oklahoma","OK","Total","Sad or hopeless","H25","31.7618","27.9924","35.7866","1631"
"2017","Oklahoma","OK","Total","Considered suicide","H26","19.0927","15.8411","22.8306","1640"
"2017","Pennsylvania","PA","Female","Sad or hopeless","H25","38.5675","35.2581","41.9861","1842"
"2017","Pennsylvania","PA","Female","Considered suicide","H26","20.6291","18.3861","23.0685","1842"
"2017","Pennsylvania","PA","Male","Sad or hopeless","H25","20.4146","18.3455","22.6523","1848"
"2017","Pennsylvania","PA","Male","Considered suicide","H26","9.7179","7.6547","12.2635","1847"
"2017","Pennsylvania","PA","Total","Sad or hopeless","H25","29.3915","27.3252","31.5461","3712"
"2017","Pennsylvania","PA","Total","Considered suicide","H26","15.066","13.481","16.801","3712"
"2017","Rhode Island","RI","Female","Sad or hopeless","H25","37.9781","33.3408","42.8458","1107"
"2017","Rhode Island","RI","Female","Considered suicide","H26","19.6457","16.1046","23.7452","1104"
"2017","Rhode Island","RI","Male","Sad or hopeless","H25","20.7478","17.236","24.7611","1055"
"2017","Rhode Island","RI","Male","Considered suicide","H26","11.6547","9.4771","14.2537","1046"
"2017","Rhode Island","RI","Total","Sad or hopeless","H25","29.3836","26.8621","32.0381","2185"
"2017","Rhode Island","RI","Total","Considered suicide","H26","15.8708","14.1016","17.816","2173"
"2017","South Carolina","SC","Female","Sad or hopeless","H25","43.0318","38.2487","47.9485","714"
"2017","South Carolina","SC","Female","Considered suicide","H26","24.0653","20.1155","28.5139","724"
"2017","South Carolina","SC","Male","Sad or hopeless","H25","22.6963","17.8842","28.3562","609"
"2017","South Carolina","SC","Male","Considered suicide","H26","13.7688","9.784","19.034","629"
"2017","South Carolina","SC","Total","Sad or hopeless","H25","33.2381","29.4113","37.2997","1337"
"2017","South Carolina","SC","Total","Considered suicide","H26","19.1588","16.131","22.6018","1364"
"2017","Tennessee","TN","Female","Sad or hopeless","H25","40.0916","36.0743","44.2467","1056"
"2017","Tennessee","TN","Female","Considered suicide","H26","22.6704","19.4918","26.1987","1050"
"2017","Tennessee","TN","Male","Sad or hopeless","H25","21.8812","19.2067","24.8138","954"
"2017","Tennessee","TN","Male","Considered suicide","H26","10.1998","8.418","12.3079","952"
"2017","Tennessee","TN","Total","Sad or hopeless","H25","31.0684","28.0295","34.2798","2023"
"2017","Tennessee","TN","Total","Considered suicide","H26","16.4749","14.253","18.9667","2015"
"2017","Texas","TX","Female","Sad or hopeless","H25","43.7461","39.8524","47.7184","1114"
"2017","Texas","TX","Female","Considered suicide","H26","21.7401","18.5611","25.2946","1112"
"2017","Texas","TX","Male","Sad or hopeless","H25","24.7358","20.9393","28.9685","966"
"2017","Texas","TX","Male","Considered suicide","H26","13.2703","10.6655","16.3945","958"
"2017","Texas","TX","Total","Sad or hopeless","H25","34.1848","31.4342","37.0462","2092"
"2017","Texas","TX","Total","Considered suicide","H26","17.5648","15.3748","19.9931","2081"
"2017","Utah","UT","Female","Sad or hopeless","H25","42.5327","36.9272","48.337","921"
"2017","Utah","UT","Female","Considered suicide","H26","28.5322","22.4685","35.4833","920"
"2017","Utah","UT","Male","Sad or hopeless","H25","23.9688","20.9699","27.2487","904"
"2017","Utah","UT","Male","Considered suicide","H26","14.8936","12.4358","17.7388","904"
"2017","Utah","UT","Total","Sad or hopeless","H25","32.9802","29.3415","36.8349","1838"
"2017","Utah","UT","Total","Considered suicide","H26","21.6235","17.7999","26.0084","1835"
"2017","Virginia","VA","Female","Sad or hopeless","H25","38.8856","36.1246","41.7197","1864"
"2017","Virginia","VA","Female","Considered suicide","H26","21.1025","19.3775","22.9373","1871"
"2017","Virginia","VA","Male","Sad or hopeless","H25","20.5628","18.1089","23.2549","1759"
"2017","Virginia","VA","Male","Considered suicide","H26","10.209","8.6874","11.9622","1761"
"2017","Virginia","VA","Total","Sad or hopeless","H25","29.5199","27.7182","31.3879","3643"
"2017","Virginia","VA","Total","Considered suicide","H26","15.667","14.435","16.9833","3651"
"2017","Vermont","VT","Female","Sad or hopeless","H25","34.793","33.8602","35.7377","9958"
"2017","Vermont","VT","Male","Sad or hopeless","H25","16.1723","15.4689","16.9013","10289"
"2017","Vermont","VT","Total","Sad or hopeless","H25","25.365","24.7737","25.9656","20571"
"2017","Wisconsin","WI","Female","Sad or hopeless","H25","38.0732","33.8737","42.459","1014"
"2017","Wisconsin","WI","Female","Considered suicide","H26","22.43","19.369","25.8198","1015"
"2017","Wisconsin","WI","Male","Sad or hopeless","H25","16.2221","13.1102","19.9035","1003"
"2017","Wisconsin","WI","Male","Considered suicide","H26","10.3198","8.1065","13.0514","1010"
"2017","Wisconsin","WI","Total","Sad or hopeless","H25","26.9892","23.919","30.2964","2031"
"2017","Wisconsin","WI","Total","Considered suicide","H26","16.4144","14.4052","18.6429","2039"
"2017","West Virginia","WV","Female","Sad or hopeless","H25","39.2322","34.9379","43.6999","745"
"2017","West Virginia","WV","Female","Considered suicide","H26","20.6708","17.5054","24.2404","762"
"2017","West Virginia","WV","Male","Sad or hopeless","H25","24.2333","20.6788","28.1817","758"
"2017","West Virginia","WV","Male","Considered suicide","H26","15.3913","12.4162","18.9252","769"
"2017","West Virginia","WV","Total","Sad or hopeless","H25","31.9977","28.58","35.6202","1514"
"2017","West Virginia","WV","Total","Considered suicide","H26","18.4583","15.5467","21.7746","1546"
